Date,Price,Price_scaled,Price_delta,Tweets,Agg_count,Agg_retweet,Agg_favorite,Subjectivity_mean,Polarity_mean,Polarity_scaled,Polarity_delta
2018-03-23,28.48,0.4861269479285443,,,0.0,0.0,0.0,0.0,0.0,0.0,0.0
2018-03-26,30.450001,0.5610034587609274,0.07487651083238311,,0.0,0.0,0.0,0.0,0.0,0.0,0.0
2018-03-27,29.9,0.5400988217407829,-0.020904637020144445,,0.0,0.0,0.0,0.0,0.0,0.0,0.0
2018-03-28,30.98,0.5811478525275561,0.04104903078677313,,0.0,0.0,0.0,0.0,0.0,0.0,0.0
2018-03-29,31.25,0.5914101102242493,0.0102622576966932,,0.0,0.0,0.0,0.0,0.0,0.0,0.0
2018-04-02,30.01,0.5442797415431395,-0.04713036868110976,,0.0,0.0,0.0,0.0,0.0,0.0,0.0
2018-04-03,31.59,0.6043329532497149,0.060053211706575405,,0.0,0.0,0.0,0.0,0.0,0.0,0.0
2018-04-04,30.85,0.5762067654884074,-0.028126187761307486,,0.0,0.0,0.0,0.0,0.0,0.0,0.0
2018-04-05,30.535,0.564234131508932,-0.011972633979475455,,0.0,0.0,0.0,0.0,0.0,0.0,0.0
2018-04-06,30.24,0.5530216647662485,-0.011212466742683502,,0.0,0.0,0.0,0.0,0.0,0.0,0.0
2018-04-09,30.139999,0.5492207905739263,-0.0038008741923222233,,0.0,0.0,0.0,0.0,0.0,0.0,0.0
2018-04-10,31.23,0.5906499429874572,0.041429152413530956,,0.0,0.0,0.0,0.0,0.0,0.0,0.0
2018-04-11,32.32,0.6320790573926264,0.041429114405169165,,0.0,0.0,0.0,0.0,0.0,0.0,0.0
2018-04-12,33.27,0.668187001140251,0.036107943747624605,,0.0,0.0,0.0,0.0,0.0,0.0,0.0
2018-04-13,30.0,0.5438996579247434,-0.1242873432155076,,0.0,0.0,0.0,0.0,0.0,0.0,0.0
2018-04-16,29.02,0.5066514633219308,-0.03724819460281259,,0.0,0.0,0.0,0.0,0.0,0.0,0.0
2018-04-17,29.83,0.5374382364120105,0.03078677309007971,,0.0,0.0,0.0,0.0,0.0,0.0,0.0
2018-04-18,30.559999,0.5651843025465603,0.027746066134549774,,0.0,0.0,0.0,0.0,0.0,0.0,0.0
2018-04-19,29.9,0.5400988217407829,-0.025085480805777327,,0.0,0.0,0.0,0.0,0.0,0.0,0.0
2018-04-20,28.92,0.5028506271379704,-0.03724819460281259,,0.0,0.0,0.0,0.0,0.0,0.0,0.0
2018-04-23,29.110001,0.5100722538958571,0.007221626757886734,,0.0,0.0,0.0,0.0,0.0,0.0,0.0
2018-04-24,28.940001,0.5036108323831242,-0.006461421512732879,,0.0,0.0,0.0,0.0,0.0,0.0,0.0
2018-04-25,28.639999,0.49220824781451916,-0.011402584568605045,,0.0,0.0,0.0,0.0,0.0,0.0,0.0
2018-04-26,29.33,0.5184340554922082,0.02622580767768906,,0.0,0.0,0.0,0.0,0.0,0.0,0.0
2018-04-27,29.610001,0.5290764348156595,0.010642379323451245,,0.0,0.0,0.0,0.0,0.0,0.0,0.0
2018-04-30,30.110001,0.5480806157354617,0.01900418091980227,,0.0,0.0,0.0,0.0,0.0,0.0,0.0
2018-05-01,30.9,0.5781071835803876,0.030026567844925856,,0.0,0.0,0.0,0.0,0.0,0.0,0.0
2018-05-02,31.01,0.5822881033827443,0.004180919802356686,,0.0,0.0,0.0,0.0,0.0,0.0,0.0
2018-05-03,30.190001,0.5511212846826301,-0.031166818700114174,,0.0,0.0,0.0,0.0,0.0,0.0,0.0
2018-05-04,29.129999,0.5108323451159256,-0.04028893956670454,,0.0,0.0,0.0,0.0,0.0,0.0,0.0
2018-05-07,29.41,0.5214747244393766,0.010642379323451023,,0.0,0.0,0.0,0.0,0.0,0.0,0.0
2018-05-08,30.23,0.5526415811478526,0.031166856708475965,,0.0,0.0,0.0,0.0,0.0,0.0,0.0
2018-05-09,31.4,0.59711136450019,0.04446978335233742,,0.0,0.0,0.0,0.0,0.0,0.0,0.0
2018-05-10,32.0,0.6199163816039529,0.022805017103762926,,0.0,0.0,0.0,0.0,0.0,0.0,0.0
2018-05-11,31.280001,0.5925503990877993,-0.02736598251615363,,0.0,0.0,0.0,0.0,0.0,0.0,0.0
2018-05-14,29.959999,0.5423792854427973,-0.05017111364500193,,0.0,0.0,0.0,0.0,0.0,0.0,0.0
2018-05-15,29.549999,0.5267958570885595,-0.015583428354237872,,0.0,0.0,0.0,0.0,0.0,0.0,0.0
2018-05-16,30.74,0.5720258456860509,0.04522998859749139,,0.0,0.0,0.0,0.0,0.0,0.0,0.0
2018-05-17,30.549999,0.5648042189281641,-0.007221626757886734,,0.0,0.0,0.0,0.0,0.0,0.0,0.0
2018-05-18,30.200001,0.5515013683010263,-0.013302850627137874,,0.0,0.0,0.0,0.0,0.0,0.0,0.0
2018-05-21,30.09,0.5473204104903079,-0.0041809578107183665,,0.0,0.0,0.0,0.0,0.0,0.0,0.0
2018-05-22,30.09,0.5473204104903079,0.0,,0.0,0.0,0.0,0.0,0.0,0.0,0.0
2018-05-23,29.74,0.5340174838464461,-0.01330292664386179,,0.0,0.0,0.0,0.0,0.0,0.0,0.0
2018-05-24,30.200001,0.5515013683010263,0.017483884454580156,,0.0,0.0,0.0,0.0,0.0,0.0,0.0
2018-05-25,29.969999,0.5427593690611935,-0.008741999239832765,,0.0,0.0,0.0,0.0,0.0,0.0,0.0
2018-05-29,29.780001,0.5355378563283921,-0.007221512732801361,,0.0,0.0,0.0,0.0,0.0,0.0,0.0
2018-05-30,30.469999,0.5617635499809959,0.026225693652603743,,0.0,0.0,0.0,0.0,0.0,0.0,0.0
2018-05-31,29.99,0.5435195743063473,-0.018243975674648527,,0.0,0.0,0.0,0.0,0.0,0.0,0.0
2018-06-01,29.65,0.5305967312808817,-0.012922843025465647,,0.0,0.0,0.0,0.0,0.0,0.0,0.0
2018-06-04,29.98,0.5431394906879513,0.012542759407069615,,0.0,0.0,0.0,0.0,0.0,0.0,0.0
2018-06-05,30.889999,0.5777270619536298,0.03458757126567846,,0.0,0.0,0.0,0.0,0.0,0.0,0.0
2018-06-06,31.23,0.5906499429874572,0.012922881033827438,,0.0,0.0,0.0,0.0,0.0,0.0,0.0
2018-06-07,30.27,0.5541619156214367,-0.036488027366020526,,0.0,0.0,0.0,0.0,0.0,0.0,0.0
2018-06-08,29.959999,0.5423792854427973,-0.011782630178639342,,0.0,0.0,0.0,0.0,0.0,0.0,0.0
2018-06-11,30.1,0.5477004941087039,0.005321208665906574,,0.0,0.0,0.0,0.0,0.0,0.0,0.0
2018-06-12,30.83,0.5754465982516153,0.027746104142911343,,0.0,0.0,0.0,0.0,0.0,0.0,0.0
2018-06-13,31.67,0.6073736221968834,0.03192702394526814,,0.0,0.0,0.0,0.0,0.0,0.0,0.0
2018-06-14,36.119999,0.7765107943747624,0.16913717217787905,,0.0,0.0,0.0,0.0,0.0,0.0,0.0
2018-06-15,39.599998,0.908779855568225,0.1322690611934626,,0.0,0.0,0.0,0.0,0.0,0.0,0.0
2018-06-18,42.0,1.0,0.09122014443177495,,0.0,0.0,0.0,0.0,0.0,0.0,0.0
2018-06-19,39.700001,0.912580805777271,-0.08741919422272904,,0.0,0.0,0.0,0.0,0.0,0.0,0.0
2018-06-20,37.299999,0.821360661345496,-0.09122014443177495,,0.0,0.0,0.0,0.0,0.0,0.0,0.0
2018-06-21,35.689999,0.7601671987837324,-0.06119346256176361,,0.0,0.0,0.0,0.0,0.0,0.0,0.0
2018-06-22,33.720001,0.685290801976435,-0.07487639680729741,,0.0,0.0,0.0,0.0,0.0,0.0,0.0
2018-06-25,32.52,0.6396807297605475,-0.04561007221588753,,0.0,0.0,0.0,0.0,0.0,0.0,0.0
2018-06-26,32.77,0.6491828202204486,0.009502090459901136,,0.0,0.0,0.0,0.0,0.0,0.0,0.0
2018-06-27,31.219999,0.5902698213606994,-0.05891299885974921,,0.0,0.0,0.0,0.0,0.0,0.0,0.0
2018-06-28,33.400002,0.6731281641961232,0.08285834283542381,,0.0,0.0,0.0,0.0,0.0,0.0,0.0
2018-06-29,32.419998,0.6358798175598632,-0.03724834663625998,,0.0,0.0,0.0,0.0,0.0,0.0,0.0
2018-07-02,32.799999,0.6503230330672748,0.014443215507411566,,0.0,0.0,0.0,0.0,0.0,0.0,0.0
2018-07-03,32.0,0.6199163816039529,-0.030406651463321888,,0.0,0.0,0.0,0.0,0.0,0.0,0.0
2018-07-05,31.459999,0.5993918282022045,-0.020524553401748413,,0.0,0.0,0.0,0.0,0.0,0.0,0.0
2018-07-06,31.360001,0.5955910680349676,-0.0038007601672368496,,0.0,0.0,0.0,0.0,0.0,0.0,0.0
2018-07-09,31.780001,0.6115545800076017,0.015963511972634015,,0.0,0.0,0.0,0.0,0.0,0.0,0.0
2018-07-10,31.280001,0.5925503990877993,-0.019004180919802383,,0.0,0.0,0.0,0.0,0.0,0.0,0.0
2018-07-11,30.940001,0.5796275560623336,-0.012922843025465647,,0.0,0.0,0.0,0.0,0.0,0.0,0.0
2018-07-12,32.419998,0.6358798175598632,0.0562522614975296,,0.0,0.0,0.0,0.0,0.0,0.0,0.0
2018-07-13,32.169998,0.626377727099962,-0.009502090459901247,,0.0,0.0,0.0,0.0,0.0,0.0,0.0
2018-07-16,32.27,0.6301786393006463,0.0038009122006843477,,0.0,0.0,0.0,0.0,0.0,0.0,0.0
2018-07-17,31.65,0.6066134549600911,-0.023565184340555212,,0.0,0.0,0.0,0.0,0.0,0.0,0.0
2018-07-18,31.24,0.5910300266058532,-0.015583428354237872,,0.0,0.0,0.0,0.0,0.0,0.0,0.0
2018-07-19,31.299999,0.5933104903078676,0.0022804637020144014,,0.0,0.0,0.0,0.0,0.0,0.0,0.0
2018-07-20,31.0,0.5819080197643481,-0.011402470543519505,,0.0,0.0,0.0,0.0,0.0,0.0,0.0
2018-07-23,31.799999,0.6123146712276701,0.030406651463322,,0.0,0.0,0.0,0.0,0.0,0.0,0.0
2018-07-24,30.75,0.572405929304447,-0.039908741923223134,,0.0,0.0,0.0,0.0,0.0,0.0,0.0
2018-07-25,31.309999,0.5936905739262638,0.021284644621816784,,0.0,0.0,0.0,0.0,0.0,0.0,0.0
2018-07-26,30.709999,0.5708855568225009,-0.022805017103762926,,0.0,0.0,0.0,0.0,0.0,0.0,0.0
2018-07-27,30.030001,0.5450399467882934,-0.02584561003420749,,0.0,0.0,0.0,0.0,0.0,0.0,0.0
2018-07-30,27.77,0.4591410110224249,-0.08589893576586849,,0.0,0.0,0.0,0.0,0.0,0.0,0.0
2018-07-31,26.77,0.4211326491828202,-0.03800836183960471,,0.0,0.0,0.0,0.0,0.0,0.0,0.0
2018-08-01,27.809999,0.46066130748764733,0.03952865830482716,,0.0,0.0,0.0,0.0,0.0,0.0,0.0
2018-08-02,29.809999,0.5366780311668568,0.07601672367920942,,0.0,0.0,0.0,0.0,0.0,0.0,0.0
2018-08-03,29.969999,0.5427593690611935,0.006081337894336736,,0.0,0.0,0.0,0.0,0.0,0.0,0.0
2018-08-06,30.280001,0.5545420372481945,0.011782668187001022,,0.0,0.0,0.0,0.0,0.0,0.0,0.0
2018-08-07,31.52,0.6016723679209426,0.04713033067274808,,0.0,0.0,0.0,0.0,0.0,0.0,0.0
2018-08-08,31.549999,0.6028125807677689,0.001140212846826305,,0.0,0.0,0.0,0.0,0.0,0.0,0.0
2018-08-09,34.43,0.7122767008741924,0.10946412010642348,,0.0,0.0,0.0,0.0,0.0,0.0,0.0
2018-08-10,31.049999,0.5838083998479665,-0.12846830102622586,,0.0,0.0,0.0,0.0,0.0,0.0,0.0
2018-08-13,29.16,0.5119726339794755,-0.07183576586849105,,0.0,0.0,0.0,0.0,0.0,0.0,0.0
2018-08-14,28.969999,0.5047510072215888,-0.007221626757886623,,0.0,0.0,0.0,0.0,0.0,0.0,0.0
2018-08-15,28.969999,0.5047510072215888,0.0,,0.0,0.0,0.0,0.0,0.0,0.0,0.0
2018-08-16,28.23,0.4766248574686431,-0.02812614975294575,,0.0,0.0,0.0,0.0,0.0,0.0,0.0
2018-08-17,27.51,0.44925883694412777,-0.02736602052451531,,0.0,0.0,0.0,0.0,0.0,0.0,0.0
2018-08-20,27.620001,0.45343979475484597,0.0041809578107182,,0.0,0.0,0.0,0.0,0.0,0.0,0.0
2018-08-21,28.27,0.47814519194222727,0.024705397187381295,,0.0,0.0,0.0,0.0,0.0,0.0,0.0
2018-08-22,28.08,0.4709236031927023,-0.007221588749524943,,0.0,0.0,0.0,0.0,0.0,0.0,0.0
2018-08-23,28.34,0.4808057772709996,0.009882174078297279,,0.0,0.0,0.0,0.0,0.0,0.0,0.0
2018-08-24,27.030001,0.4310148612694792,-0.04979091600152041,,0.0,0.0,0.0,0.0,0.0,0.0,0.0
2018-08-27,27.379999,0.4443177118966173,0.013302850627138096,,0.0,0.0,0.0,0.0,0.0,0.0,0.0
2018-08-28,27.16,0.43595591030026604,-0.008361801596351248,,0.0,0.0,0.0,0.0,0.0,0.0,0.0
2018-08-29,27.01,0.4302546560243254,-0.005701254275940648,,0.0,0.0,0.0,0.0,0.0,0.0,0.0
2018-08-30,26.700001,0.41847210186240974,-0.011782554161915648,,0.0,0.0,0.0,0.0,0.0,0.0,0.0
2018-08-31,26.85,0.42417331812998865,0.005701216267578912,,0.0,0.0,0.0,0.0,0.0,0.0,0.0
2018-09-04,26.959999,0.42835419992398327,0.0041808817939946175,,0.0,0.0,0.0,0.0,0.0,0.0,0.0
2018-09-05,26.6,0.41467122767008746,-0.013682972253895809,,0.0,0.0,0.0,0.0,0.0,0.0,0.0
2018-09-06,25.74,0.3819840364880273,-0.03268719118206015,,0.0,0.0,0.0,0.0,0.0,0.0,0.0
2018-09-07,26.76,0.4207525655644242,0.038768529076396885,,0.0,0.0,0.0,0.0,0.0,0.0,0.0
2018-09-10,26.879999,0.42531353097681496,0.004560965412390761,,0.0,0.0,0.0,0.0,0.0,0.0,0.0
2018-09-11,26.969999,0.42873428354237936,0.0034207525655644,,0.0,0.0,0.0,0.0,0.0,0.0,0.0
2018-09-12,26.139999,0.39718734321550736,-0.031546940326872,,0.0,0.0,0.0,0.0,0.0,0.0,0.0
2018-09-13,25.73,0.38160395286963134,-0.015583390345876025,,0.0,0.0,0.0,0.0,0.0,0.0,0.0
2018-09-14,26.08,0.3949068795134929,0.013302926643861568,,0.0,0.0,0.0,0.0,0.0,0.0,0.0
2018-09-17,26.200001,0.39946792094260736,0.004561041429114454,,0.0,0.0,0.0,0.0,0.0,0.0,0.0
2018-09-18,26.360001,0.40554925883694415,0.006081337894336791,,0.0,0.0,0.0,0.0,0.0,0.0,0.0
2018-09-19,25.66,0.378943367540859,-0.02660589129608515,,0.0,0.0,0.0,0.0,0.0,0.0,0.0
2018-09-20,26.5,0.4108703914861269,0.03192702394526792,,0.0,0.0,0.0,0.0,0.0,0.0,0.0
2018-09-21,26.360001,0.40554925883694415,-0.005321132649182769,,0.0,0.0,0.0,0.0,0.0,0.0,0.0
2018-09-24,26.33,0.40440896997339404,-0.0011402888635501096,,0.0,0.0,0.0,0.0,0.0,0.0,0.0
2018-09-25,27.139999,0.43519570505511207,0.03078673508171803,,0.0,0.0,0.0,0.0,0.0,0.0,0.0
2018-09-26,27.110001,0.43405553021664767,-0.0011401748384644028,,0.0,0.0,0.0,0.0,0.0,0.0,0.0
2018-09-27,27.049999,0.43177495248954767,-0.002280577727099997,,0.0,0.0,0.0,0.0,0.0,0.0,0.0
2018-09-28,26.83,0.4234131508931964,-0.008361801596351248,,0.0,0.0,0.0,0.0,0.0,0.0,0.0
2018-10-01,26.219999,0.40022801216267584,-0.023185138730520582,,0.0,0.0,0.0,0.0,0.0,0.0,0.0
2018-10-02,26.32,0.4040288863549981,0.003800874192322279,,0.0,0.0,0.0,0.0,0.0,0.0,0.0
2018-10-03,26.25,0.4013683010262257,-0.0026605853287723913,,0.0,0.0,0.0,0.0,0.0,0.0,0.0
2018-10-04,24.540001,0.33637404028886353,-0.0649942607373622,,0.0,0.0,0.0,0.0,0.0,0.0,0.0
2018-10-05,24.07,0.3185100722158875,-0.017863968072976022,,0.0,0.0,0.0,0.0,0.0,0.0,0.0
2018-10-08,22.85,0.2721398707715698,-0.046370201444317694,,0.0,0.0,0.0,0.0,0.0,0.0,0.0
2018-10-09,22.75,0.26833903458760927,-0.003800836183960543,,0.0,0.0,0.0,0.0,0.0,0.0,0.0
2018-10-10,22.780001,0.2694793234511592,0.001140288863549943,,0.0,0.0,0.0,0.0,0.0,0.0,0.0
2018-10-11,22.870001,0.2729000760167236,0.0034207525655644,,0.0,0.0,0.0,0.0,0.0,0.0,0.0
2018-10-12,23.92,0.31280881793994686,0.039908741923223245,,0.0,0.0,0.0,0.0,0.0,0.0,0.0
2018-10-15,23.969999,0.31470919802356523,0.0019003800836183693,,0.0,0.0,0.0,0.0,0.0,0.0,0.0
2018-10-16,24.9,0.35005701254275934,0.03534781451919411,,0.0,0.0,0.0,0.0,0.0,0.0,0.0
2018-10-17,24.860001,0.34853671607753706,-0.0015202964652222817,,0.0,0.0,0.0,0.0,0.0,0.0,0.0
2018-10-18,24.190001,0.32307111364500185,-0.025465602432535206,,0.0,0.0,0.0,0.0,0.0,0.0,0.0
2018-10-19,23.379999,0.29228426453819845,-0.030786849106803404,,0.0,0.0,0.0,0.0,0.0,0.0,0.0
2018-10-22,23.42,0.2938046370201445,0.0015203724819460307,,0.0,0.0,0.0,0.0,0.0,0.0,0.0
2018-10-23,23.360001,0.29152417331813,-0.002280463702014457,,0.0,0.0,0.0,0.0,0.0,0.0,0.0
2018-10-24,21.99,0.23945267958950964,-0.05207149372862038,,0.0,0.0,0.0,0.0,0.0,0.0,0.0
2018-10-25,22.35,0.25313568985176743,0.013683010262257794,,0.0,0.0,0.0,0.0,0.0,0.0,0.0
2018-10-26,21.709999,0.22881030026605853,-0.0243253895857089,,0.0,0.0,0.0,0.0,0.0,0.0,0.0
2018-10-29,22.01,0.24021284682630184,0.01140254656024331,,0.0,0.0,0.0,0.0,0.0,0.0,0.0
2018-10-30,22.799999,0.27023941467122764,0.0300265678449258,,0.0,0.0,0.0,0.0,0.0,0.0,0.0
2018-10-31,23.469999,0.2957050171037629,0.02546560243253526,,0.0,0.0,0.0,0.0,0.0,0.0,0.0
2018-11-01,23.719999,0.30520710756366404,0.009502090459901136,,0.0,0.0,0.0,0.0,0.0,0.0,0.0
2018-11-02,24.030001,0.31698977575066506,0.011782668187001022,,0.0,0.0,0.0,0.0,0.0,0.0,0.0
2018-11-05,24.059999,0.31812995058912963,0.0011401748384645694,,0.0,0.0,0.0,0.0,0.0,0.0,0.0
2018-11-06,24.049999,0.31774986697073354,-0.0003800836183960876,,0.0,0.0,0.0,0.0,0.0,0.0,0.0
2018-11-07,25.01,0.35423793234511597,0.03648806537438243,,0.0,0.0,0.0,0.0,0.0,0.0,0.0
2018-11-08,24.74,0.3439756746484226,-0.010262257696693367,,0.0,0.0,0.0,0.0,0.0,0.0,0.0
2018-11-09,25.549999,0.3747624097301406,0.030786735081717975,,0.0,0.0,0.0,0.0,0.0,0.0,0.0
2018-11-12,24.34,0.32877232991258076,-0.045990079817559815,,0.0,0.0,0.0,0.0,0.0,0.0,0.0
2018-11-13,23.67,0.30330672748004567,-0.025465602432535095,,0.0,0.0,0.0,0.0,0.0,0.0,0.0
2018-11-14,23.559999,0.2991257696693273,-0.0041809578107183665,,0.0,0.0,0.0,0.0,0.0,0.0,0.0
2018-11-15,24.6,0.33865450399087804,0.03952873432155074,,0.0,0.0,0.0,0.0,0.0,0.0,0.0
2018-11-16,23.27,0.2881033827442037,-0.050551121246674324,,0.0,0.0,0.0,0.0,0.0,0.0,0.0
2018-11-19,21.549999,0.22272896237172177,-0.06537442037248195,,0.0,0.0,0.0,0.0,0.0,0.0,0.0
2018-11-20,21.450001,0.218928202204485,-0.0038007601672367664,,0.0,0.0,0.0,0.0,0.0,0.0,0.0
2018-11-21,21.75,0.23033067274800456,0.01140247054351956,,0.0,0.0,0.0,0.0,0.0,0.0,0.0
2018-11-23,22.35,0.25313568985176743,0.02280501710376287,,0.0,0.0,0.0,0.0,0.0,0.0,0.0
2018-11-26,23.66,0.3029266438616496,0.04979095400988215,,0.0,0.0,0.0,0.0,0.0,0.0,0.0
2018-11-27,23.040001,0.2793614975294565,-0.023565146332193088,,0.0,0.0,0.0,0.0,0.0,0.0,0.0
2018-11-28,24.190001,0.32307111364500185,0.04370961611554536,,0.0,0.0,0.0,0.0,0.0,0.0,0.0
2018-11-29,24.459999,0.33333329532497147,0.010262181679969617,,0.0,0.0,0.0,0.0,0.0,0.0,0.0
2018-11-30,23.389999,0.2926643481565944,-0.040668947168377045,,0.0,0.0,0.0,0.0,0.0,0.0,0.0
2018-12-03,23.77,0.30710756366400604,0.014443215507411622,,0.0,0.0,0.0,0.0,0.0,0.0,0.0
2018-12-04,22.42,0.25579627518053977,-0.05131128848346628,,0.0,0.0,0.0,0.0,0.0,0.0,0.0
2018-12-06,22.42,0.25579627518053977,0.0,,0.0,0.0,0.0,0.0,0.0,0.0,0.0
2018-12-07,21.51,0.22120866590649949,-0.03458760927404028,,0.0,0.0,0.0,0.0,0.0,0.0,0.0
2018-12-10,22.01,0.24021284682630184,0.019004180919802355,,0.0,0.0,0.0,0.0,0.0,0.0,0.0
2018-12-11,22.57,0.2614975294564804,0.021284682630178575,,0.0,0.0,0.0,0.0,0.0,0.0,0.0
2018-12-12,22.809999,0.2706194982896238,0.009121968833143368,,0.0,0.0,0.0,0.0,0.0,0.0,0.0
2018-12-13,23.190001,0.28506275180539714,0.014443253515773358,,0.0,0.0,0.0,0.0,0.0,0.0,0.0
2018-12-14,22.6,0.2626377803116686,-0.02242497149372852,,0.0,0.0,0.0,0.0,0.0,0.0,0.0
2018-12-17,21.76,0.23071075636640068,-0.031927023945267946,,0.0,0.0,0.0,0.0,0.0,0.0,0.0
2018-12-18,21.459999,0.21930820980615734,-0.011402546560243337,,0.0,0.0,0.0,0.0,0.0,0.0,0.0
2018-12-19,21.559999,0.22310904599011788,0.003800836183960543,,0.0,0.0,0.0,0.0,0.0,0.0,0.0
2018-12-20,20.370001,0.17787917141771184,-0.04522987457240604,,0.0,0.0,0.0,0.0,0.0,0.0,0.0
2018-12-21,19.379999,0.1402508171797796,-0.03762835423793223,,0.0,0.0,0.0,0.0,0.0,0.0,0.0
2018-12-24,19.75,0.15431394906879514,0.014063131889015534,,0.0,0.0,0.0,0.0,0.0,0.0,0.0
2018-12-26,20.76,0.19270239452679597,0.038388445458000825,,0.0,0.0,0.0,0.0,0.0,0.0,0.0
2018-12-27,20.870001,0.1968833523375142,0.004180957810718228,,0.0,0.0,0.0,0.0,0.0,0.0,0.0
2018-12-28,20.790001,0.19384268339034588,-0.0030406689471683124,,0.0,0.0,0.0,0.0,0.0,0.0,0.0
2018-12-31,20.43,0.18015963511972632,-0.013683048270619558,,0.0,0.0,0.0,0.0,0.0,0.0,0.0
2019-01-02,20.67,0.18928164196123154,0.009122006841505215,,0.0,0.0,0.0,0.0,0.0,0.0,0.0
2019-01-03,20.09,0.16723679209426073,-0.022044849866970806,,0.0,0.0,0.0,0.0,0.0,0.0,0.0
2019-01-04,21.280001,0.21246678069175212,0.04522998859749139,,0.0,0.0,0.0,0.0,0.0,0.0,0.0
2019-01-07,21.76,0.23071075636640068,0.018243975674648555,,0.0,0.0,0.0,0.0,0.0,0.0,0.0
2019-01-08,22.07,0.2424933485366781,0.011782592170277412,,0.0,0.0,0.0,0.0,0.0,0.0,0.0
2019-01-09,22.299999,0.2512352337514253,0.008741885214747225,,0.0,0.0,0.0,0.0,0.0,0.0,0.0
2019-01-10,22.49,0.258456860509312,0.007221626757886679,,0.0,0.0,0.0,0.0,0.0,0.0,0.0
2019-01-11,22.389999,0.2546559863169897,-0.003800874192322279,,0.0,0.0,0.0,0.0,0.0,0.0,0.0
2019-01-14,22.01,0.24021284682630184,-0.014443139490687873,,0.0,0.0,0.0,0.0,0.0,0.0,0.0
2019-01-15,22.58,0.2618776130748764,0.021664766248574552,,0.0,0.0,0.0,0.0,0.0,0.0,0.0
2019-01-16,22.48,0.258076776890916,-0.0038008361839603766,,0.0,0.0,0.0,0.0,0.0,0.0,0.0
2019-01-17,22.6,0.2626377803116686,0.004561003420752607,,0.0,0.0,0.0,0.0,0.0,0.0,0.0
2019-01-18,23.59,0.30026605853287724,0.03762827822120862,,0.0,0.0,0.0,0.0,0.0,0.0,0.0
2019-01-22,22.9,0.2740402888635499,-0.026225769669327326,,0.0,0.0,0.0,0.0,0.0,0.0,0.0
2019-01-23,23.309999,0.2896236792094261,0.015583390345876191,,0.0,0.0,0.0,0.0,0.0,0.0,0.0
2019-01-24,23.389999,0.2926643481565944,0.0030406689471683124,,0.0,0.0,0.0,0.0,0.0,0.0,0.0
2019-01-25,23.9,0.31204865070315463,0.019384302546560206,,0.0,0.0,0.0,0.0,0.0,0.0,0.0
2019-01-28,24.139999,0.32117061953629794,0.009121968833143312,"üëã ! Thrilled that , ,  are joining the  family üòä ",1.0,3.0,73.0,0.7,0.6,0.7666666666666666,0.0
2019-01-29,23.24,0.2869631318890155,-0.03420748764728243,,0.0,0.0,0.0,0.0,0.0,0.0,0.0
2019-01-30,23.93,0.31318890155834284,0.026225769669327326,,0.0,0.0,0.0,0.0,0.0,0.0,0.0
2019-01-31,24.709999,0.34283538578487266,0.029646484226529823,,0.0,0.0,0.0,0.0,0.0,0.0,0.0
2019-02-01,24.24,0.3249714937286202,-0.01786389205625244,,0.0,0.0,0.0,0.0,0.0,0.0,0.0
2019-02-04,24.57,0.33751425313568983,0.012542759407069615,,0.0,0.0,0.0,0.0,0.0,0.0,0.0
2019-02-05,25.200001,0.36145955910300265,0.023945305967312813,,0.0,0.0,0.0,0.0,0.0,0.0,0.0
2019-02-06,25.24,0.36297985556822493,0.0015202964652222817,,0.0,0.0,0.0,0.0,0.0,0.0,0.0
2019-02-07,24.790001,0.3458761307487647,-0.01710372481946021,,0.0,0.0,0.0,0.0,0.0,0.0,0.0
2019-02-08,25.42,0.3698213606993539,0.023945229950589175,,0.0,0.0,0.0,0.0,0.0,0.0,0.0
2019-02-11,25.15,0.35955910300266053,-0.010262257696693367,,0.0,0.0,0.0,0.0,0.0,0.0,0.0
2019-02-12,25.43,0.3702014443177499,0.010642341315089343,,0.0,0.0,0.0,0.0,0.0,0.0,0.0
2019-02-13,25.450001,0.37096164956290384,0.0007602052451539665,,0.0,0.0,0.0,0.0,0.0,0.0,0.0
2019-02-14,25.780001,0.38350440896997334,0.012542759407069504,,0.0,0.0,0.0,0.0,0.0,0.0,0.0
2019-02-15,25.540001,0.37438240212846824,-0.009122006841505104,,0.0,0.0,0.0,0.0,0.0,0.0,0.0
2019-02-19,25.99,0.39148612694792845,0.01710372481946021,,0.0,0.0,0.0,0.0,0.0,0.0,0.0
2019-02-20,25.49,0.3724819460281261,-0.019004180919802327,,0.0,0.0,0.0,0.0,0.0,0.0,0.0
2019-02-21,25.59,0.37628278221208666,0.003800836183960543,,0.0,0.0,0.0,0.0,0.0,0.0,0.0
2019-02-22,23.450001,0.2949449258836944,-0.08133785632839224,,0.0,0.0,0.0,0.0,0.0,0.0,0.0
2019-02-25,23.59,0.30026605853287724,0.005321132649182825,,0.0,0.0,0.0,0.0,0.0,0.0,0.0
2019-02-26,24.34,0.32877232991258076,0.02850627137970352,,0.0,0.0,0.0,0.0,0.0,0.0,0.0
2019-02-27,24.24,0.3249714937286202,-0.003800836183960543,,0.0,0.0,0.0,0.0,0.0,0.0,0.0
2019-02-28,23.860001,0.31052835423793235,-0.014443139490687873,: Co-founder and CEO of Dropbox  on the human-machine partnership at the celebration of the MIT Schwarzman College of Co‚Ä¶,1.0,55.0,0.0,0.0,0.0,0.41666666666666663,-0.35
2019-03-01,23.889999,0.3116685290763968,0.0011401748384644583,,0.0,0.0,0.0,0.0,0.0,0.0,0.0
2019-03-04,23.860001,0.31052835423793235,-0.0011401748384644583,Great founder advice from  (our Sequoia partner and bandmate üòä) ,1.0,3.0,36.0,0.75,0.8,0.8833333333333332,0.46666666666666656
2019-03-05,23.540001,0.2983656784492588,-0.012162675788673527,,0.0,0.0,0.0,0.0,0.0,0.0,0.0
2019-03-06,22.629999,0.26377799315849493,-0.03458768529076389,,0.0,0.0,0.0,0.0,0.0,0.0,0.0
2019-03-07,22.51,0.2592170277461042,-0.004560965412390705,,0.0,0.0,0.0,0.0,0.0,0.0,0.0
2019-03-08,22.23,0.24857468643101482,-0.010642341315089399,,0.0,0.0,0.0,0.0,0.0,0.0,0.0
2019-03-11,22.639999,0.2641580767768909,0.01558339034587608,,0.0,0.0,0.0,0.0,0.0,0.0,0.0
2019-03-12,23.110001,0.28202208285822883,0.017864006081337924,,0.0,0.0,0.0,0.0,0.0,0.0,0.0
2019-03-13,22.59,0.26225769669327254,-0.019764386164956294,,0.0,0.0,0.0,0.0,0.0,0.0,0.0
2019-03-14,22.129999,0.24477381223869257,-0.017483884454579962,,0.0,0.0,0.0,0.0,0.0,0.0,0.0
2019-03-15,22.309999,0.2516153173698214,0.006841505131128828,,0.0,0.0,0.0,0.0,0.0,0.0,0.0
2019-03-18,22.16,0.2459141011022425,-0.005701216267578912,,0.0,0.0,0.0,0.0,0.0,0.0,0.0
2019-03-19,22.32,0.2519954389965793,0.006081337894336791,,0.0,0.0,0.0,0.0,0.0,0.0,0.0
2019-03-20,22.1,0.24363359939186627,-0.008361839604713012,,0.0,0.0,0.0,0.0,0.0,0.0,0.0
2019-03-21,22.66,0.26491828202204487,0.021284682630178603,,0.0,0.0,0.0,0.0,0.0,0.0,0.0
2019-03-22,21.719999,0.22919038388445462,-0.03572789813759025,,0.0,0.0,0.0,0.0,0.0,0.0,0.0
2019-03-25,21.83,0.23337134169517287,0.0041809578107182555,,0.0,0.0,0.0,0.0,0.0,0.0,0.0
2019-03-26,21.959999,0.2383123907259597,0.0049410490307868205,,0.0,0.0,0.0,0.0,0.0,0.0,0.0
2019-03-27,21.42,0.21778791334093506,-0.020524477385024636,,0.0,0.0,0.0,0.0,0.0,0.0,0.0
2019-03-28,21.5,0.22082858228810337,0.0030406689471683124,,0.0,0.0,0.0,0.0,0.0,0.0,0.0
2019-03-29,21.799999,0.23223105283162293,0.01140247054351956,,0.0,0.0,0.0,0.0,0.0,0.0,0.0
2019-04-01,21.57,0.22348916761687573,-0.008741885214747197,,0.0,0.0,0.0,0.0,0.0,0.0,0.0
2019-04-02,22.129999,0.24477381223869257,0.02128464462181684,,0.0,0.0,0.0,0.0,0.0,0.0,0.0
2019-04-03,22.280001,0.25047514253135683,0.005701330292664258,,0.0,0.0,0.0,0.0,0.0,0.0,0.0
2019-04-04,21.9,0.2360319270239452,-0.014443215507411622,,0.0,0.0,0.0,0.0,0.0,0.0,0.0
2019-04-05,21.950001,0.23793238312428736,0.001900456100342146,,0.0,0.0,0.0,0.0,0.0,0.0,0.0
2019-04-08,22.139999,0.24515389585708855,0.007221512732801194,,0.0,0.0,0.0,0.0,0.0,0.0,0.0
2019-04-09,21.940001,0.23755229950589124,-0.0076015963511973095,,0.0,0.0,0.0,0.0,0.0,0.0,0.0
2019-04-10,22.280001,0.25047514253135683,0.012922843025465591,,0.0,0.0,0.0,0.0,0.0,0.0,0.0
2019-04-11,22.08,0.24287343215507404,-0.007601710376282794,,0.0,0.0,0.0,0.0,0.0,0.0,0.0
2019-04-12,22.34,0.25275560623337134,0.009882174078297307,,0.0,0.0,0.0,0.0,0.0,0.0,0.0
2019-04-15,22.15,0.2455340174838464,-0.007221588749524943,,0.0,0.0,0.0,0.0,0.0,0.0,0.0
2019-04-16,21.799999,0.23223105283162293,-0.01330296465222347,,0.0,0.0,0.0,0.0,0.0,0.0,0.0
2019-04-17,21.15,0.2075256556442417,-0.02470539718738124,,0.0,0.0,0.0,0.0,0.0,0.0,0.0
2019-04-18,21.25,0.2113264918282022,0.0038008361839605154,,0.0,0.0,0.0,0.0,0.0,0.0,0.0
2019-04-22,23.16,0.2839224629418472,0.07259597111364499,,0.0,0.0,0.0,0.0,0.0,0.0,0.0
2019-04-23,23.33,0.2903838844545799,0.006461421512732712,,0.0,0.0,0.0,0.0,0.0,0.0,0.0
2019-04-24,23.4,0.2930444697833523,0.0026605853287723913,,0.0,0.0,0.0,0.0,0.0,0.0,0.0
2019-04-25,23.65,0.30254656024325344,0.009502090459901136,,0.0,0.0,0.0,0.0,0.0,0.0,0.0
2019-04-26,24.35,0.32915241353097685,0.026605853287723413,,0.0,0.0,0.0,0.0,0.0,0.0,0.0
2019-04-29,24.41,0.3314329152413531,0.002280501710376248,,0.0,0.0,0.0,0.0,0.0,0.0,0.0
2019-04-30,24.379999,0.33029262637780316,-0.001140288863549943,,0.0,0.0,0.0,0.0,0.0,0.0,0.0
2019-05-01,23.9,0.31204865070315463,-0.018243975674648527,,0.0,0.0,0.0,0.0,0.0,0.0,0.0
2019-05-02,23.969999,0.31470919802356523,0.0026605473204106,,0.0,0.0,0.0,0.0,0.0,0.0,0.0
2019-05-03,24.42,0.3318129988597492,0.017103800836183958,,0.0,0.0,0.0,0.0,0.0,0.0,0.0
2019-05-06,24.16,0.3219308247814519,-0.009882174078297279,,0.0,0.0,0.0,0.0,0.0,0.0,0.0
2019-05-07,23.59,0.30026605853287724,-0.021664766248574663,,0.0,0.0,0.0,0.0,0.0,0.0,0.0
2019-05-08,23.67,0.30330672748004567,0.0030406689471684234,,0.0,0.0,0.0,0.0,0.0,0.0,0.0
2019-05-09,23.23,0.28658304827061953,-0.016723679209426134,,0.0,0.0,0.0,0.0,0.0,0.0,0.0
2019-05-10,23.5,0.2968453059673128,0.010262257696693255,,0.0,0.0,0.0,0.0,0.0,0.0,0.0
2019-05-13,21.68,0.22767008741923223,-0.06917521854808056,,0.0,0.0,0.0,0.0,0.0,0.0,0.0
2019-05-14,22.190001,0.24705438996579243,0.019384302546560206,,0.0,0.0,0.0,0.0,0.0,0.0,0.0
2019-05-15,22.809999,0.2706194982896238,0.023565108323831352,,0.0,0.0,0.0,0.0,0.0,0.0,0.0
2019-05-16,23.52,0.29760547320410485,0.02698597491448107,,0.0,0.0,0.0,0.0,0.0,0.0,0.0
2019-05-17,23.0,0.27784112504751046,-0.01976434815659439,,0.0,0.0,0.0,0.0,0.0,0.0,0.0
2019-05-20,23.139999,0.28316225769669323,0.005321132649182769,,0.0,0.0,0.0,0.0,0.0,0.0,0.0
2019-05-21,23.200001,0.28544283542379323,0.002280577727099997,,0.0,0.0,0.0,0.0,0.0,0.0,0.0
2019-05-22,23.209999,0.28582284302546557,0.0003800076016723386,,0.0,0.0,0.0,0.0,0.0,0.0,0.0
2019-05-23,22.559999,0.2611174078297226,-0.024705435195742975,,0.0,0.0,0.0,0.0,0.0,0.0,0.0
2019-05-24,22.6,0.2626377803116686,0.0015203724819460307,,0.0,0.0,0.0,0.0,0.0,0.0,0.0
2019-05-28,22.65,0.2645381984036487,0.001900418091980105,,0.0,0.0,0.0,0.0,0.0,0.0,0.0
2019-05-29,22.620001,0.2633979855568224,-0.001140212846826305,,0.0,0.0,0.0,0.0,0.0,0.0,0.0
2019-05-30,22.379999,0.25427590269859374,-0.009122082858228686,,0.0,0.0,0.0,0.0,0.0,0.0,0.0
2019-05-31,22.559999,0.2611174078297226,0.0068415051311288555,,0.0,0.0,0.0,0.0,0.0,0.0,0.0
2019-06-03,22.33,0.2523755226149752,-0.008741885214747391,,0.0,0.0,0.0,0.0,0.0,0.0,0.0
2019-06-04,21.870001,0.2348917141771189,-0.017483808437856296,,0.0,0.0,0.0,0.0,0.0,0.0,0.0
2019-06-05,22.879999,0.2732800836183961,0.038388369441277215,,0.0,0.0,0.0,0.0,0.0,0.0,0.0
2019-06-06,22.84,0.27175978715317367,-0.0015202964652224482,  Apparently minus $20 üò¨ (thank you  üòä),1.0,0.0,25.0,0.1,-0.1,0.35833333333333334,-0.5249999999999999
2019-06-07,23.030001,0.27898141391106035,0.007221626757886679,,0.0,0.0,0.0,0.0,0.0,0.0,0.0
2019-06-10,22.74,0.2679589509692132,-0.011022462941847166,,0.0,0.0,0.0,0.0,0.0,0.0,0.0
2019-06-11,22.68,0.26567844925883694,-0.002280501710376248,"üòÇ So excited to unveil the new  this morning! Our new desktop app turns a folder of files into a living team workspace that brings your files, Google Docs, and all your cloud content together. Love to hear what you think! ü§ò : How the new  is breaking free of the folder. Big launch today. üéâ ",3.0,83.0,619.0,0.33876262626262627,0.16849747474747476,0.5149568602693603,0.15662352693602694
2019-06-12,23.030001,0.27898141391106035,0.013302964652223415,,0.0,0.0,0.0,0.0,0.0,0.0,0.0
2019-06-13,24.049999,0.31774986697073354,0.03876845305967319,,0.0,0.0,0.0,0.0,0.0,0.0,0.0
2019-06-14,23.459999,0.29532493348536676,-0.022424933485366783,,0.0,0.0,0.0,0.0,0.0,0.0,0.0
2019-06-17,23.540001,0.2983656784492588,0.0030407449638920614,,0.0,0.0,0.0,0.0,0.0,0.0,0.0
2019-06-18,23.84,0.3097681489927784,0.01140247054351956,"Can't wait to try it -- congrats Gentry, Scott &amp; team! ",1.0,0.0,22.0,0.0,0.0,0.41666666666666663,-0.09829019360269364
2019-06-19,24.200001,0.32345119726339794,0.013683048270619558,,0.0,0.0,0.0,0.0,0.0,0.0,0.0
2019-06-20,24.52,0.33561383504370956,0.012162637780311625,,0.0,0.0,0.0,0.0,0.0,0.0,0.0
2019-06-21,25.01,0.35423793234511597,0.018624097301406406,,0.0,0.0,0.0,0.0,0.0,0.0,0.0
2019-06-24,24.799999,0.34625613835043706,-0.00798179399467891, Congratulations!!! ‚ù§Ô∏èGuessing the universe of $WORK puns has been exhausted at this point but many congrats to  and our friends at ! üòä,2.0,5.0,178.0,0.3,0.056249999999999994,0.44947916666666665,0.03281250000000002
2019-06-25,23.969999,0.31470919802356523,-0.03154694032687183,,0.0,0.0,0.0,0.0,0.0,0.0,0.0
2019-06-26,24.620001,0.33941470923603184,0.024705511212466613,,0.0,0.0,0.0,0.0,0.0,0.0,0.0
2019-06-27,24.950001,0.35195746864310146,0.012542759407069615,,0.0,0.0,0.0,0.0,0.0,0.0,0.0
2019-06-28,25.049999,0.35575822881033825,0.003800760167236794,,0.0,0.0,0.0,0.0,0.0,0.0,0.0
2019-07-01,25.01,0.35423793234511597,-0.0015202964652222817,,0.0,0.0,0.0,0.0,0.0,0.0,0.0
2019-07-02,25.0,0.3538578487267199,-0.0003800836183960876,,0.0,0.0,0.0,0.0,0.0,0.0,0.0
2019-07-03,25.08,0.3568985176738882,0.0030406689471683124,,0.0,0.0,0.0,0.0,0.0,0.0,0.0
2019-07-05,25.16,0.3599391866210566,0.0030406689471684234,,0.0,0.0,0.0,0.0,0.0,0.0,0.0
2019-07-08,24.950001,0.35195746864310146,-0.00798171797795516,,0.0,0.0,0.0,0.0,0.0,0.0,0.0
2019-07-09,25.209999,0.361839566704675,0.00988209806157353,,0.0,0.0,0.0,0.0,0.0,0.0,0.0
2019-07-10,25.51,0.37324211326491835,0.011402546560243365,,0.0,0.0,0.0,0.0,0.0,0.0,0.0
2019-07-11,25.959999,0.39034583808437856,0.01710372481946021,,0.0,0.0,0.0,0.0,0.0,0.0,0.0
2019-07-12,25.870001,0.38692516153553774,-0.0034206765488408175,,0.0,0.0,0.0,0.0,0.0,0.0,0.0
2019-07-15,26.129999,0.3968072595971114,0.009882098061573641,,0.0,0.0,0.0,0.0,0.0,0.0,0.0
2019-07-16,25.450001,0.37096164956290384,-0.025845610034207545,,0.0,0.0,0.0,0.0,0.0,0.0,0.0
2019-07-17,25.049999,0.35575822881033825,-0.015203420752565588,,0.0,0.0,0.0,0.0,0.0,0.0,0.0
2019-07-18,24.98,0.35309768148992776,-0.002660547320410489,,0.0,0.0,0.0,0.0,0.0,0.0,0.0
2019-07-19,24.43,0.33219308247814516,-0.0209045990117826,,0.0,0.0,0.0,0.0,0.0,0.0,0.0
2019-07-22,24.4,0.331052831622957,-0.0011402508551881518,,0.0,0.0,0.0,0.0,0.0,0.0,0.0
2019-07-23,24.23,0.32459141011022424,-0.006461421512732768,,0.0,0.0,0.0,0.0,0.0,0.0,0.0
2019-07-24,24.68,0.34169517293804635,0.01710376282782211,,0.0,0.0,0.0,0.0,0.0,0.0,0.0
2019-07-25,24.549999,0.33675404789053587,-0.004941125047510486,,0.0,0.0,0.0,0.0,0.0,0.0,0.0
2019-07-26,24.629999,0.33979471683770435,0.003040668947168479,,0.0,0.0,0.0,0.0,0.0,0.0,0.0
2019-07-29,23.940001,0.31356902318510066,-0.026225693652603688,,0.0,0.0,0.0,0.0,0.0,0.0,0.0
2019-07-30,23.799999,0.30824777651083235,-0.0053212466742683096,,0.0,0.0,0.0,0.0,0.0,0.0,0.0
2019-07-31,23.559999,0.2991257696693273,-0.009122006841505048,,0.0,0.0,0.0,0.0,0.0,0.0,0.0
2019-08-01,23.5,0.2968453059673128,-0.0022804637020145124,,0.0,0.0,0.0,0.0,0.0,0.0,0.0
2019-08-02,23.02,0.2786012922843025,-0.018244013683010263,,0.0,0.0,0.0,0.0,0.0,0.0,0.0
2019-08-05,21.809999,0.23261113645001905,-0.04599015583428348,,0.0,0.0,0.0,0.0,0.0,0.0,0.0
2019-08-06,21.700001,0.22843029266438616,-0.004180843785632882,,0.0,0.0,0.0,0.0,0.0,0.0,0.0
2019-08-07,20.76,0.19270239452679597,-0.0357278981375902,üëãüòäü§ò ,1.0,4.0,50.0,0.0,0.0,0.41666666666666663,-0.03281250000000002
2019-08-08,21.459999,0.21930820980615734,0.026605815279361372,,0.0,0.0,0.0,0.0,0.0,0.0,0.0
2019-08-09,18.709999,0.1147852147472444,-0.10452299505891294,,0.0,0.0,0.0,0.0,0.0,0.0,0.0
2019-08-12,18.219999,0.09616111744583815,-0.018624097301406253,,0.0,0.0,0.0,0.0,0.0,0.0,0.0
2019-08-13,18.370001,0.10186244773850242,0.005701330292664272,,0.0,0.0,0.0,0.0,0.0,0.0,0.0
2019-08-14,17.57,0.07145572025845688,-0.03040672748004554,,0.0,0.0,0.0,0.0,0.0,0.0,0.0
2019-08-15,17.26,0.05967312808817947,-0.011782592170277412,,0.0,0.0,0.0,0.0,0.0,0.0,0.0
2019-08-16,17.48,0.06803496769289247,0.008361839604712998,,0.0,0.0,0.0,0.0,0.0,0.0,0.0
2019-08-19,17.790001,0.07981759787153175,0.011782630178639286,,0.0,0.0,0.0,0.0,0.0,0.0,0.0
2019-08-20,17.799999,0.0801976054732041,0.0003800076016723525,,0.0,0.0,0.0,0.0,0.0,0.0,0.0
2019-08-21,17.92,0.08475864690231859,0.004561041429114482,,0.0,0.0,0.0,0.0,0.0,0.0,0.0
2019-08-22,18.0,0.0877993158494869,0.0030406689471683124,,0.0,0.0,0.0,0.0,0.0,0.0,0.0
2019-08-23,17.76,0.07867730900798182,-0.009122006841505076,,0.0,0.0,0.0,0.0,0.0,0.0,0.0
2019-08-26,17.700001,0.07639684530596734,-0.0022804637020144847,,0.0,0.0,0.0,0.0,0.0,0.0,0.0
2019-08-27,17.530001,0.06993542379323447,-0.006461421512732865,,0.0,0.0,0.0,0.0,0.0,0.0,0.0
2019-08-28,17.65,0.0744963892056252,0.004560965412390719,,0.0,0.0,0.0,0.0,0.0,0.0,0.0
2019-08-29,17.9,0.08399847966552637,0.009502090459901177,,0.0,0.0,0.0,0.0,0.0,0.0,0.0
2019-08-30,17.9,0.08399847966552637,0.0,,0.0,0.0,0.0,0.0,0.0,0.0,0.0
2019-09-03,17.950001,0.08589893576586852,0.001900456100342146,,0.0,0.0,0.0,0.0,0.0,0.0,0.0
2019-09-04,18.379999,0.10224245534017491,0.016343519574306395,,0.0,0.0,0.0,0.0,0.0,0.0,0.0
2019-09-05,18.860001,0.12048654503990881,0.0182440896997339,": You can leave overwhelming competition in the dust ‚Äì but only if you know exactly what your advantage is. In our new ep‚Ä¶: Hey,  wrote up the history of  for the  tech blog. Sweet nostalgia! And 4 million lines checke‚Ä¶",2.0,101.0,0.0,0.6630681818181818,0.32954545454545453,0.608901515151515,0.1922348484848484
2019-09-06,18.969999,0.12466738882554168,0.004180843785632868,,0.0,0.0,0.0,0.0,0.0,0.0,0.0
2019-09-09,19.48,0.1440516913721019,0.019384302546560206,,0.0,0.0,0.0,0.0,0.0,0.0,0.0
2019-09-10,20.07,0.16647662485746867,0.022424933485366783,,0.0,0.0,0.0,0.0,0.0,0.0,0.0
2019-09-11,20.32,0.17597871531736983,0.009502090459901164,: Young women and students of color are breaking records in computer science! The gender gap in high school CS continues to shri‚Ä¶,1.0,366.0,0.0,0.47,0.14250000000000002,0.49979166666666663,-0.10910984848484839
2019-09-12,20.02,0.1645762067654884,-0.011402508551881435,,0.0,0.0,0.0,0.0,0.0,0.0,0.0
2019-09-13,20.059999,0.16609650323071082,0.0015202964652224205,,0.0,0.0,0.0,0.0,0.0,0.0,0.0
2019-09-16,20.4,0.17901938426453815,0.012922881033827327,,0.0,0.0,0.0,0.0,0.0,0.0,0.0
2019-09-17,20.879999,0.19726335993918667,0.018243975674648527,,0.0,0.0,0.0,0.0,0.0,0.0,0.0
2019-09-18,20.959999,0.20030402888635498,0.0030406689471683124,,0.0,0.0,0.0,0.0,0.0,0.0,0.0
2019-09-19,21.030001,0.20296469023185096,0.0026606613454959738,,0.0,0.0,0.0,0.0,0.0,0.0,0.0
2019-09-20,21.030001,0.20296469023185096,0.0,,0.0,0.0,0.0,0.0,0.0,0.0,0.0
2019-09-23,20.275,0.17426833903458755,-0.02869635119726341,,0.0,0.0,0.0,0.0,0.0,0.0,0.0
2019-09-24,19.790001,0.15583432155074117,-0.018434017483846377,,0.0,0.0,0.0,0.0,0.0,0.0,0.0
2019-09-25,19.75,0.15431394906879514,-0.0015203724819460307,,0.0,0.0,0.0,0.0,0.0,0.0,0.0
2019-09-26,20.07,0.16647662485746867,0.012162675788673527,,0.0,0.0,0.0,0.0,0.0,0.0,0.0
2019-09-27,19.77,0.1550741163055872,-0.011402508551881463,What a day ‚Äî thanks  for an incredible conversation and everyone who joined us at our first Work in Progress conference! DropboxWIP Becoming ,1.0,21.0,154.0,0.5708333333333333,0.465625,0.68828125,0.18848958333333332
2019-09-30,20.17,0.17027746104142918,0.015203344735841978,,0.0,0.0,0.0,0.0,0.0,0.0,0.0
2019-10-01,19.950001,0.16191565944507794,-0.008361801596351248,,0.0,0.0,0.0,0.0,0.0,0.0,0.0
2019-10-02,19.26,0.1356898517673889,-0.026225807677689034,So excited to have  and  on board! Thank you  for everything you‚Äôve done for Dropbox. ,1.0,6.0,43.0,0.75,0.46875,0.6901041666666667,0.001822916666666785
2019-10-03,19.469999,0.14367156974534404,0.007981717977955133,,0.0,0.0,0.0,0.0,0.0,0.0,0.0
2019-10-04,19.469999,0.14367156974534404,0.0,,0.0,0.0,0.0,0.0,0.0,0.0,0.0
2019-10-07,19.700001,0.15241356898517675,0.00874199923983271,,0.0,0.0,0.0,0.0,0.0,0.0,0.0
2019-10-08,19.275,0.13625997719498284,-0.016153591790193905,,0.0,0.0,0.0,0.0,0.0,0.0,0.0
2019-10-09,19.040001,0.12732805017103765,-0.008931927023945185,,0.0,0.0,0.0,0.0,0.0,0.0,0.0
2019-10-10,18.76,0.11668567084758653,-0.01064237932345112,,0.0,0.0,0.0,0.0,0.0,0.0,0.0
2019-10-11,19.264999,0.135879855568225,0.019194184720638455,,0.0,0.0,0.0,0.0,0.0,0.0,0.0
2019-10-14,19.34,0.13873052071455722,0.0028506651463322263,": Reducing waste in the freight industry is core to our mission.

Today, we're proud to share that bundling loads through our‚Ä¶",1.0,14.0,0.0,0.5,0.30000000000000004,0.5916666666666666,-0.09843750000000018
2019-10-15,19.415001,0.1415811858608894,0.0028506651463321986,,0.0,0.0,0.0,0.0,0.0,0.0,0.0
2019-10-16,18.940001,0.12352721398707711,-0.018053971873812302,,0.0,0.0,0.0,0.0,0.0,0.0,0.0
2019-10-17,18.940001,0.12352721398707711,0.0,,0.0,0.0,0.0,0.0,0.0,0.0,0.0
2019-10-18,18.415001,0.1035728240212847,-0.019954389965792407,,0.0,0.0,0.0,0.0,0.0,0.0,0.0
2019-10-21,18.92,0.1227670087419233,0.019194184720638593,,0.0,0.0,0.0,0.0,0.0,0.0,0.0
2019-10-22,19.32,0.13797035347776512,0.015203344735841826,,0.0,0.0,0.0,0.0,0.0,0.0,0.0
2019-10-23,19.209999,0.13378939566704676,-0.0041809578107183665,,0.0,0.0,0.0,0.0,0.0,0.0,0.0
2019-10-24,19.549999,0.14671223869251235,0.012922843025465591,,0.0,0.0,0.0,0.0,0.0,0.0,0.0
2019-10-25,19.73,0.15355378183200305,0.006841543139490702,,0.0,0.0,0.0,0.0,0.0,0.0,0.0
2019-10-28,20.07,0.16647662485746867,0.012922843025465619,,0.0,0.0,0.0,0.0,0.0,0.0,0.0
2019-10-29,20.059999,0.16609650323071082,-0.0003801216267578511,,0.0,0.0,0.0,0.0,0.0,0.0,0.0
2019-10-30,20.049999,0.1657164196123147,-0.0003800836183961154,We‚Äôll miss you Guido! It was a joy working with you ‚Äî thank you  for everything you‚Äôve done for  and the Python community ‚Äî and congrats on your retirement I‚Äôve learned more from  than anyone else on designing company culture ‚Äî and his new book is incredible (and out now!)  ‚Äî congrats Ben! WhatYouDoIsWhoYouAre,2.0,31.0,246.0,0.40909090909090906,0.6727272727272727,0.8090909090909091,0.21742424242424252
2019-10-31,19.82,0.15697453439756748,-0.008741885214747225,,0.0,0.0,0.0,0.0,0.0,0.0,0.0
2019-11-01,20.25,0.1733181299885975,0.01634359559103002,,0.0,0.0,0.0,0.0,0.0,0.0,0.0
2019-11-04,20.540001,0.18434059293044472,0.011022462941847222,,0.0,0.0,0.0,0.0,0.0,0.0,0.0
2019-11-05,20.870001,0.1968833523375142,0.012542759407069476,,0.0,0.0,0.0,0.0,0.0,0.0,0.0
2019-11-06,20.559999,0.18510068415051317,-0.011782668187001022,,0.0,0.0,0.0,0.0,0.0,0.0,0.0
2019-11-07,20.959999,0.20030402888635498,0.015203344735841812,,0.0,0.0,0.0,0.0,0.0,0.0,0.0
2019-11-08,19.795,0.15602432535157743,-0.04427970353477756,,0.0,0.0,0.0,0.0,0.0,0.0,0.0
2019-11-11,18.860001,0.12048654503990881,-0.03553778031166861,,0.0,0.0,0.0,0.0,0.0,0.0,0.0
2019-11-12,18.91,0.1223869251235272,0.0019003800836183832,,0.0,0.0,0.0,0.0,0.0,0.0,0.0
2019-11-13,19.450001,0.14291147852527558,0.020524553401748385,,0.0,0.0,0.0,0.0,0.0,0.0,0.0
2019-11-14,18.84,0.11972633979475485,-0.023185138730520735,,0.0,0.0,0.0,0.0,0.0,0.0,0.0
2019-11-15,19.209999,0.13378939566704676,0.01406305587229191,,0.0,0.0,0.0,0.0,0.0,0.0,0.0
2019-11-18,18.969999,0.12466738882554168,-0.009122006841505076,,0.0,0.0,0.0,0.0,0.0,0.0,0.0
2019-11-19,19.030001,0.12694796655264154,0.0022805777270998584,,0.0,0.0,0.0,0.0,0.0,0.0,0.0
2019-11-20,18.93,0.12314709236031927,-0.003800874192322265,,0.0,0.0,0.0,0.0,0.0,0.0,0.0
2019-11-21,18.52,0.10756366400608133,-0.015583428354237941,,0.0,0.0,0.0,0.0,0.0,0.0,0.0
2019-11-22,18.98,0.12504751045229953,0.0174838464462182,,0.0,0.0,0.0,0.0,0.0,0.0,0.0
2019-11-25,19.030001,0.12694796655264154,0.0019004561003420073,,0.0,0.0,0.0,0.0,0.0,0.0,0.0
2019-11-26,18.9,0.12200684150513108,-0.0049411250475104584,,0.0,0.0,0.0,0.0,0.0,0.0,0.0
2019-11-27,18.700001,0.11440520714557205,-0.007601634359559031,,0.0,0.0,0.0,0.0,0.0,0.0,0.0
2019-11-29,18.49,0.10642341315089315,-0.007981793994678896,,0.0,0.0,0.0,0.0,0.0,0.0,0.0
2019-12-02,18.35,0.1011022424933486,-0.005321170657544547,,0.0,0.0,0.0,0.0,0.0,0.0,0.0
2019-12-03,18.200001,0.0954010262257697,-0.005701216267578912,,0.0,0.0,0.0,0.0,0.0,0.0,0.0
2019-12-04,18.26,0.09768148992778418,0.0022804637020144847,,0.0,0.0,0.0,0.0,0.0,0.0,0.0
2019-12-05,18.059999,0.09007977955150138,-0.007601710376282794,,0.0,0.0,0.0,0.0,0.0,0.0,0.0
2019-12-06,18.27,0.09806157354618016,0.00798179399467877,,0.0,0.0,0.0,0.0,0.0,0.0,0.0
2019-12-09,18.09,0.09122006841505131,-0.006841505131128842,,0.0,0.0,0.0,0.0,0.0,0.0,0.0
2019-12-10,17.809999,0.08057768909160021,-0.010642379323451107,,0.0,0.0,0.0,0.0,0.0,0.0,0.0
2019-12-11,17.24,0.05891296085138726,-0.021664728240212948,,0.0,0.0,0.0,0.0,0.0,0.0,0.0
2019-12-12,16.75,0.04028886354998101,-0.018624097301406246,,0.0,0.0,0.0,0.0,0.0,0.0,0.0
2019-12-13,16.799999,0.042189243633599396,0.0019003800836183832,,0.0,0.0,0.0,0.0,0.0,0.0,0.0
2019-12-16,17.120001,0.054351995438996534,0.012162751805397137,,0.0,0.0,0.0,0.0,0.0,0.0,0.0
2019-12-17,17.16,0.05587229190421895,0.0015202964652224135,,0.0,0.0,0.0,0.0,0.0,0.0,0.0
2019-12-18,17.200001,0.057392664386164985,0.0015203724819460376,,0.0,0.0,0.0,0.0,0.0,0.0,0.0
2019-12-19,18.16,0.09388065374382366,0.03648798935765868,,0.0,0.0,0.0,0.0,0.0,0.0,0.0
2019-12-20,17.860001,0.08247818320030409,-0.011402470543519574,,0.0,0.0,0.0,0.0,0.0,0.0,0.0
2019-12-23,17.775,0.07924743443557579,-0.0032307487647283,,0.0,0.0,0.0,0.0,0.0,0.0,0.0
2019-12-24,17.780001,0.07943751425313565,0.0001900798175598628,,0.0,0.0,0.0,0.0,0.0,0.0,0.0
2019-12-26,17.780001,0.07943751425313565,0.0,,0.0,0.0,0.0,0.0,0.0,0.0,0.0
2019-12-27,17.719999,0.0771569365260358,-0.0022805777270998584,,0.0,0.0,0.0,0.0,0.0,0.0,0.0
2019-12-30,17.6,0.07259597111364507,-0.004560965412390719,,0.0,0.0,0.0,0.0,0.0,0.0,0.0
2019-12-31,17.91,0.08437856328392249,0.011782592170277412,,0.0,0.0,0.0,0.0,0.0,0.0,0.0
2020-01-02,18.09,0.09122006841505131,0.006841505131128828,,0.0,0.0,0.0,0.0,0.0,0.0,0.0
2020-01-03,18.0,0.0877993158494869,-0.003420752565564414,,0.0,0.0,0.0,0.0,0.0,0.0,0.0
2020-01-06,18.530001,0.10794378563283918,0.020144469783352284,,0.0,0.0,0.0,0.0,0.0,0.0,0.0
2020-01-07,18.530001,0.10794378563283918,0.0,,0.0,0.0,0.0,0.0,0.0,0.0,0.0
2020-01-08,18.459999,0.10528312428734322,-0.00266066134549596,,0.0,0.0,0.0,0.0,0.0,0.0,0.0
2020-01-09,18.370001,0.10186244773850242,-0.0034206765488408036,,0.0,0.0,0.0,0.0,0.0,0.0,0.0
2020-01-10,17.82,0.08095781071835806,-0.020904637020144362,,0.0,0.0,0.0,0.0,0.0,0.0,0.0
2020-01-13,17.860001,0.08247818320030409,0.0015203724819460307,,0.0,0.0,0.0,0.0,0.0,0.0,0.0
2020-01-14,18.004999,0.08798931965032314,0.00551113645001905,,0.0,0.0,0.0,0.0,0.0,0.0,0.0
2020-01-15,18.309999,0.09958187001140256,0.011592550361079423,,0.0,0.0,0.0,0.0,0.0,0.0,0.0
2020-01-16,18.0,0.0877993158494869,-0.011782554161915662,,0.0,0.0,0.0,0.0,0.0,0.0,0.0
2020-01-17,18.02,0.08855948308627898,0.0007601672367920781,,0.0,0.0,0.0,0.0,0.0,0.0,0.0
2020-01-21,17.639999,0.07411626757886734,-0.014443215507411636,,0.0,0.0,0.0,0.0,0.0,0.0,0.0
2020-01-22,17.530001,0.06993542379323447,-0.004180843785632868,,0.0,0.0,0.0,0.0,0.0,0.0,0.0
2020-01-23,17.709999,0.07677685290763969,0.0068414291144052175,,0.0,0.0,0.0,0.0,0.0,0.0,0.0
2020-01-24,17.34,0.06271379703534778,-0.01406305587229191,": ""It's easier to hold your principles 100 percent of the time than it is to hold them 98 percent of the time."" -- Clayton Christ‚Ä¶RIP , one of my heroes. Hard to think of a better role model in both life and business. We lost you far too soon.",2.0,1085.0,287.0,0.34027777777777773,0.051388888888888894,0.4466435185185185,-0.36244739057239056
2020-01-27,16.950001,0.04789057392626381,-0.014823223109083974,,0.0,0.0,0.0,0.0,0.0,0.0,0.0
2020-01-28,17.139999,0.05511208665906499,0.00722151273280118,,0.0,0.0,0.0,0.0,0.0,0.0,0.0
2020-01-29,16.950001,0.04789057392626381,-0.00722151273280118,,0.0,0.0,0.0,0.0,0.0,0.0,0.0
2020-01-30,17.01,0.05017103762827829,0.0022804637020144847,"Welcome Olivia, our new COO! Can't wait to get started üòÉ ",1.0,11.0,87.0,0.6772727272727272,0.48522727272727273,0.6997159090909091,0.25307239057239056
2020-01-31,17.02,0.05055112124667427,0.0003800836183959766,,0.0,0.0,0.0,0.0,0.0,0.0,0.0
2020-02-03,16.91,0.04637020144431777,-0.004180919802356499,,0.0,0.0,0.0,0.0,0.0,0.0,0.0
2020-02-04,17.1,0.05359179019384271,0.007221588749524943,Super excited to join Facebook‚Äôs board of directors. Looking forward to working with Mark &amp; team on everything ahead üòäü§ò,1.0,49.0,660.0,0.7083333333333333,0.35416666666666663,0.6232638888888888,-0.07645202020202024
2020-02-05,17.610001,0.07297609274040291,0.0193843025465602,,0.0,0.0,0.0,0.0,0.0,0.0,0.0
2020-02-06,18.26,0.09768148992778418,0.024705397187381267,,0.0,0.0,0.0,0.0,0.0,0.0,0.0
2020-02-07,18.1,0.09160015203344743,-0.00608133789433675,,0.0,0.0,0.0,0.0,0.0,0.0,0.0
2020-02-10,18.530001,0.10794378563283918,0.016343633599391755,,0.0,0.0,0.0,0.0,0.0,0.0,0.0
2020-02-11,18.6,0.11060433295324978,0.0026605473204106,,0.0,0.0,0.0,0.0,0.0,0.0,0.0
2020-02-12,18.57,0.10946408209806159,-0.0011402508551881935,,0.0,0.0,0.0,0.0,0.0,0.0,0.0
2020-02-13,18.610001,0.11098445458000762,0.0015203724819460307,,0.0,0.0,0.0,0.0,0.0,0.0,0.0
2020-02-14,18.530001,0.10794378563283918,-0.0030406689471684373,,0.0,0.0,0.0,0.0,0.0,0.0,0.0
2020-02-18,18.389999,0.10262253895857087,-0.0053212466742683096,,0.0,0.0,0.0,0.0,0.0,0.0,0.0
2020-02-19,18.32,0.09996199163816041,-0.0026605473204104613,,0.0,0.0,0.0,0.0,0.0,0.0,0.0
2020-02-20,18.715,0.11497529456480426,0.015013302926643851,,0.0,0.0,0.0,0.0,0.0,0.0,0.0
2020-02-21,22.450001,0.2569365640440897,0.14196126947928545,,0.0,0.0,0.0,0.0,0.0,0.0,0.0
2020-02-24,21.76,0.23071075636640068,-0.026225807677689034,,0.0,0.0,0.0,0.0,0.0,0.0,0.0
2020-02-25,20.639999,0.18814135309768149,-0.04256940326871919,,0.0,0.0,0.0,0.0,0.0,0.0,0.0
2020-02-26,19.879999,0.15925499809958196,-0.028886354998099523,,0.0,0.0,0.0,0.0,0.0,0.0,0.0
2020-02-27,19.33,0.1383504370961611,-0.020904561003420863,,0.0,0.0,0.0,0.0,0.0,0.0,0.0
2020-02-28,19.559999,0.14709232231090846,0.008741885214747364,,0.0,0.0,0.0,0.0,0.0,0.0,0.0
2020-03-02,19.290001,0.13683014063093882,-0.010262181679969645,,0.0,0.0,0.0,0.0,0.0,0.0,0.0
2020-03-03,19.315001,0.13778034967692887,0.0009502090459900525,,0.0,0.0,0.0,0.0,0.0,0.0,0.0
2020-03-04,19.799999,0.1562143291524135,0.01843397947548464,,0.0,0.0,0.0,0.0,0.0,0.0,0.0
2020-03-05,19.34,0.13873052071455722,-0.017483808437856296,,0.0,0.0,0.0,0.0,0.0,0.0,0.0
2020-03-06,19.41,0.14139110604332955,0.0026605853287723358,"Today at , we‚Äôre taking the precautionary step of asking our employees globally to work from home for the next two weeks to help reduce the spread of COVID-19. Please take care of yourselves, everyone!",1.0,233.0,1450.0,0.0,0.0,0.41666666666666663,-0.2065972222222222
2020-03-09,17.67,0.07525655644241741,-0.06613454960091214,,0.0,0.0,0.0,0.0,0.0,0.0,0.0
2020-03-10,17.389999,0.06461417711896617,-0.010642379323451245,,0.0,0.0,0.0,0.0,0.0,0.0,0.0
2020-03-11,16.16,0.017863930064614238,-0.04675024705435193,,0.0,0.0,0.0,0.0,0.0,0.0,0.0
2020-03-12,15.69,0.0,-0.017863930064614238,,0.0,0.0,0.0,0.0,0.0,0.0,0.0
2020-03-13,18.35,0.1011022424933486,0.1011022424933486,,0.0,0.0,0.0,0.0,0.0,0.0,0.0
2020-03-16,16.08,0.014823261117445792,-0.08627898137590281,,0.0,0.0,0.0,0.0,0.0,0.0,0.0
2020-03-17,16.809999,0.042569327251995505,0.02774606613454971,,0.0,0.0,0.0,0.0,0.0,0.0,0.0
2020-03-18,16.52,0.031546940326871914,-0.011022386925123591,,0.0,0.0,0.0,0.0,0.0,0.0,0.0
2020-03-19,17.82,0.08095781071835806,0.049410870391486145,,0.0,0.0,0.0,0.0,0.0,0.0,0.0
2020-03-20,17.59,0.07221588749524896,-0.0087419232231091,"@__aston__: At long last,  finally has some time to go back and get his MIT degree. Thank you  for 13 incredible years. üíô ",2.0,45.0,455.0,0.6333333333333333,0.44375000000000003,0.6755208333333332,0.2588541666666666
2020-03-23,17.110001,0.053971911820600564,-0.018243975674648395,,0.0,0.0,0.0,0.0,0.0,0.0,0.0
2020-03-24,18.799999,0.11820596731280882,0.06423405549220826,,0.0,0.0,0.0,0.0,0.0,0.0,0.0
2020-03-25,18.41,0.10338274420372484,-0.014823223109083974,,0.0,0.0,0.0,0.0,0.0,0.0,0.0
2020-03-26,18.92,0.1227670087419233,0.019384264538198456,,0.0,0.0,0.0,0.0,0.0,0.0,0.0
2020-03-27,17.75,0.07829722538958572,-0.044469783352337575,,0.0,0.0,0.0,0.0,0.0,0.0,0.0
2020-03-30,18.15,0.09350057012542755,0.015203344735841826,,0.0,0.0,0.0,0.0,0.0,0.0,0.0
2020-03-31,18.1,0.09160015203344743,-0.001900418091980119,,0.0,0.0,0.0,0.0,0.0,0.0,0.0
2020-04-01,17.879999,0.08323827442037256,-0.008361877613074872,,0.0,0.0,0.0,0.0,0.0,0.0,0.0
2020-04-02,18.23,0.096541239072596,0.013302964652223442,,0.0,0.0,0.0,0.0,0.0,0.0,0.0
2020-04-03,17.959999,0.08627894336754087,-0.01026229570505513,,0.0,0.0,0.0,0.0,0.0,0.0,0.0
2020-04-06,18.059999,0.09007977955150138,0.0038008361839605154,,0.0,0.0,0.0,0.0,0.0,0.0,0.0
2020-04-07,17.700001,0.07639684530596734,-0.013682934245534045,,0.0,0.0,0.0,0.0,0.0,0.0,0.0
2020-04-08,18.290001,0.09882177879133411,0.02242493348536677,,0.0,0.0,0.0,0.0,0.0,0.0,0.0
2020-04-09,18.059999,0.09007977955150138,-0.008741999239832723,We want to do our part  and  to help during these tough times. Proud to partner with   and Salesforce  to support our communities as they respond to COVID-19. ,1.0,60.0,180.0,0.9166666666666667,0.20555555555555557,0.5365740740740741,-0.13894675925925914
2020-04-13,18.530001,0.10794378563283918,0.0178640060813378,,0.0,0.0,0.0,0.0,0.0,0.0,0.0
2020-04-14,19.0,0.1258076776890916,0.01786389205625241,,0.0,0.0,0.0,0.0,0.0,0.0,0.0
2020-04-15,18.950001,0.12390729760547323,-0.0019003800836183693,,0.0,0.0,0.0,0.0,0.0,0.0,0.0
2020-04-16,18.735001,0.11573549980995822,-0.00817179779551501,,0.0,0.0,0.0,0.0,0.0,0.0,0.0
2020-04-17,19.18,0.13264918282022045,0.016913683010262234,,0.0,0.0,0.0,0.0,0.0,0.0,0.0
2020-04-20,20.34,0.17673888255416192,0.04408969973394147,,0.0,0.0,0.0,0.0,0.0,0.0,0.0
2020-04-21,19.66,0.15089319650323071,-0.02584568605093121,,0.0,0.0,0.0,0.0,0.0,0.0,0.0
2020-04-22,19.969999,0.1626757506651464,0.011782554161915676,,0.0,0.0,0.0,0.0,0.0,0.0,0.0
2020-04-23,19.834999,0.1575446218167997,-0.005131128848346683,,0.0,0.0,0.0,0.0,0.0,0.0,0.0
2020-04-24,20.205,0.1716077537058152,0.014063131889015507,,0.0,0.0,0.0,0.0,0.0,0.0,0.0
2020-04-27,20.799999,0.19422269099201822,0.022614937286203007,,0.0,0.0,0.0,0.0,0.0,0.0,0.0
2020-04-28,20.549999,0.18472060053211706,-0.009502090459901164,,0.0,0.0,0.0,0.0,0.0,0.0,0.0
2020-04-29,20.98,0.20106423413150895,0.016343633599391894,,0.0,0.0,0.0,0.0,0.0,0.0,0.0
2020-04-30,21.02,0.2025845686050931,0.0015203344735841562,,0.0,0.0,0.0,0.0,0.0,0.0,0.0
2020-05-01,19.6,0.1486126947928545,-0.05397187381223861,,0.0,0.0,0.0,0.0,0.0,0.0,0.0
2020-05-04,19.879999,0.15925499809958196,0.010642303306727469,,0.0,0.0,0.0,0.0,0.0,0.0,0.0
2020-05-05,20.035,0.1651463321930825,0.005891334093500539,,0.0,0.0,0.0,0.0,0.0,0.0,0.0
2020-05-06,20.344999,0.17692888635499815,0.011782554161915648,,0.0,0.0,0.0,0.0,0.0,0.0,0.0
2020-05-07,21.889999,0.23565180539718736,0.05872291904218921,": The global pandemic has shaped work behaviors over the past months, and while we don‚Äôt yet know the full impact of these chang‚Ä¶",1.0,22.0,0.0,0.26666666666666666,0.033333333333333326,0.43611111111111106,-0.10046296296296303
2020-05-08,21.879999,0.23527172177879138,-0.0003800836183959766,,0.0,0.0,0.0,0.0,0.0,0.0,0.0
2020-05-11,22.940001,0.27556066134549595,0.04028893956670457,,0.0,0.0,0.0,0.0,0.0,0.0,0.0
2020-05-12,22.129999,0.24477381223869257,-0.030786849106803377,,0.0,0.0,0.0,0.0,0.0,0.0,0.0
2020-05-13,21.52,0.22158874952489546,-0.02318506271379711,,0.0,0.0,0.0,0.0,0.0,0.0,0.0
2020-05-14,21.5,0.22082858228810337,-0.000760167236792092,,0.0,0.0,0.0,0.0,0.0,0.0,0.0
2020-05-15,22.370001,0.2538958950969213,0.03306731280881792,,0.0,0.0,0.0,0.0,0.0,0.0,0.0
2020-05-18,21.59,0.2242493348536678,-0.02964656024325349,,0.0,0.0,0.0,0.0,0.0,0.0,0.0
2020-05-19,21.75,0.23033067274800456,0.0060813378943367635,,0.0,0.0,0.0,0.0,0.0,0.0,0.0
2020-05-20,22.225,0.24838464462181686,0.018053971873812302,,0.0,0.0,0.0,0.0,0.0,0.0,0.0
2020-05-21,22.129999,0.24477381223869257,-0.0036108323831242906,,0.0,0.0,0.0,0.0,0.0,0.0,0.0
2020-05-22,21.665001,0.2271,-0.017673812238692577,,0.0,0.0,0.0,0.0,0.0,0.0,0.0
2020-05-26,22.9,0.2740402888635499,0.04694028886354992,,0.0,0.0,0.0,0.0,0.0,0.0,0.0
2020-05-27,22.809999,0.2706194982896238,-0.0034207905739261357,,0.0,0.0,0.0,0.0,0.0,0.0,0.0
2020-05-28,22.59,0.26225769669327254,-0.008361801596351248,,0.0,0.0,0.0,0.0,0.0,0.0,0.0
2020-05-29,22.57,0.2614975294564804,-0.0007601672367921197,,0.0,0.0,0.0,0.0,0.0,0.0,0.0
2020-06-01,23.540001,0.2983656784492588,0.036868148992778405,"We stand with the Black community and for civil rights everywhere. We mourn the loss of George Floyd, Breonna Taylor, Ahmaud Arbery, and all the others before them. The pain and anger we‚Äôre experiencing as a nation can‚Äôt be healed until we create a racially just society.",1.0,60.0,383.0,0.31666666666666665,-0.4333333333333333,0.16388888888888892,-0.27222222222222214
2020-06-02,23.27,0.2881033827442037,-0.010262295705055102,,0.0,0.0,0.0,0.0,0.0,0.0,0.0
2020-06-03,23.549999,0.29874568605093116,0.01064230330672744,"And this Friday, we‚Äôre asking our team to step away from work &amp; support their Black communities in any way they can.Systemic racism and police brutality in this country must end. I‚Äôm personally donating $500,000 to  to fight racial injustice. I‚Äôll also match every  employee‚Äôs donation on top of the company‚Äôs match. ",2.0,135.0,963.0,0.4166666666666667,0.04166666666666667,0.44097222222222215,0.27708333333333324
2020-06-04,23.280001,0.28848350437096154,-0.010262181679969617,,0.0,0.0,0.0,0.0,0.0,0.0,0.0
2020-06-05,21.98,0.23907259597111366,-0.04941090839984788,,0.0,0.0,0.0,0.0,0.0,0.0,0.0
2020-06-08,22.540001,0.2603573166096541,0.02128472063854045,,0.0,0.0,0.0,0.0,0.0,0.0,0.0
2020-06-09,21.93,0.2371721778791334,-0.02318513873052072,,0.0,0.0,0.0,0.0,0.0,0.0,0.0
2020-06-10,21.98,0.23907259597111366,0.0019004180919802716,,0.0,0.0,0.0,0.0,0.0,0.0,0.0
2020-06-11,20.42,0.17977955150133035,-0.05929304446978331,,0.0,0.0,0.0,0.0,0.0,0.0,0.0
2020-06-12,21.030001,0.20296469023185096,0.02318513873052061,,0.0,0.0,0.0,0.0,0.0,0.0,0.0
2020-06-15,21.52,0.22158874952489546,0.018624059293044504,,0.0,0.0,0.0,0.0,0.0,0.0,0.0
2020-06-16,22.549999,0.26073732421132645,0.03914857468643099,Excited to share the features our team has been working hard on to help our customers balance home and work! ,1.0,26.0,115.0,0.6458333333333333,0.005208333333333315,0.4197048611111111,-0.02126736111111105
2020-06-17,22.709999,0.26681866210566324,0.006081337894336791,,0.0,0.0,0.0,0.0,0.0,0.0,0.0
2020-06-18,23.0,0.27784112504751046,0.011022462941847222,"Great to see today‚Äôs SCOTUS decision protecting DACA. For many Dreamers, America is the only home they‚Äôve known, and our companies and country are stronger because of them. We‚Äôll continue to stand with them and fight for permanent protection for Dreamers.",1.0,26.0,170.0,0.75,0.43333333333333335,0.6694444444444444,0.2497395833333333
2020-06-19,23.299999,0.28924359559103,0.01140247054351956,,0.0,0.0,0.0,0.0,0.0,0.0,0.0
2020-06-22,23.51,0.29722538958570893,0.00798179399467891,,0.0,0.0,0.0,0.0,0.0,0.0,0.0
2020-06-23,23.65,0.30254656024325344,0.005321170657544505,,0.0,0.0,0.0,0.0,0.0,0.0,0.0
2020-06-24,22.639999,0.2641580767768909,-0.03838848346636253,,0.0,0.0,0.0,0.0,0.0,0.0,0.0
2020-06-25,22.16,0.2459141011022425,-0.018243975674648416,,0.0,0.0,0.0,0.0,0.0,0.0,0.0
2020-06-26,21.469999,0.21968829342455345,-0.026225807677689034,,0.0,0.0,0.0,0.0,0.0,0.0,0.0
2020-06-29,21.290001,0.21284686431014824,-0.0068414291144052175,,0.0,0.0,0.0,0.0,0.0,0.0,0.0
2020-06-30,21.77,0.23109083998479663,0.01824397567464839,,0.0,0.0,0.0,0.0,0.0,0.0,0.0
2020-07-01,21.780001,0.23147096161155448,0.0003801216267578511,,0.0,0.0,0.0,0.0,0.0,0.0,0.0
2020-07-02,21.65,0.22652983656404405,-0.004941125047510431,,0.0,0.0,0.0,0.0,0.0,0.0,0.0
2020-07-06,22.42,0.25579627518053977,0.02926643861649572,,0.0,0.0,0.0,0.0,0.0,0.0,0.0
2020-07-07,22.440001,0.2565564804256936,0.0007602052451538555,,0.0,0.0,0.0,0.0,0.0,0.0,0.0
2020-07-08,22.74,0.2679589509692132,0.01140247054351956,,0.0,0.0,0.0,0.0,0.0,0.0,0.0
2020-07-09,22.4,0.2550361079437476,-0.012922843025465591,,0.0,0.0,0.0,0.0,0.0,0.0,0.0
2020-07-10,22.110001,0.24401372101862412,-0.011022386925123473,,0.0,0.0,0.0,0.0,0.0,0.0,0.0
2020-07-13,20.26,0.1736982136069936,-0.0703155074116305,,0.0,0.0,0.0,0.0,0.0,0.0,0.0
2020-07-14,20.290001,0.17483850247054353,0.0011402888635499153,,0.0,0.0,0.0,0.0,0.0,0.0,0.0
2020-07-15,20.85,0.19612314709236037,0.02128464462181684,,0.0,0.0,0.0,0.0,0.0,0.0,0.0
2020-07-16,20.66,0.18890155834283542,-0.007221588749524943,,0.0,0.0,0.0,0.0,0.0,0.0,0.0
2020-07-17,20.83,0.19536297985556816,0.00646142151273274,,0.0,0.0,0.0,0.0,0.0,0.0,0.0
2020-07-20,22.889999,0.2736601672367921,0.07829718738122393,,0.0,0.0,0.0,0.0,0.0,0.0,0.0
2020-07-21,22.42,0.25579627518053977,-0.01786389205625233,,0.0,0.0,0.0,0.0,0.0,0.0,0.0
2020-07-22,22.15,0.2455340174838464,-0.010262257696693367,,0.0,0.0,0.0,0.0,0.0,0.0,0.0
2020-07-23,21.84,0.233751425313569,-0.011782592170277412,,0.0,0.0,0.0,0.0,0.0,0.0,0.0
2020-07-24,21.35,0.21512732801216272,-0.018624097301406267,,0.0,0.0,0.0,0.0,0.0,0.0,0.0
2020-07-27,21.549999,0.22272896237172177,0.007601634359559045,,0.0,0.0,0.0,0.0,0.0,0.0,0.0
2020-07-28,22.27,0.250095020904599,0.02736605853287724,,0.0,0.0,0.0,0.0,0.0,0.0,0.0
2020-07-29,22.559999,0.2611174078297226,0.011022386925123584,,0.0,0.0,0.0,0.0,0.0,0.0,0.0
2020-07-30,22.389999,0.2546559863169897,-0.006461421512732879,,0.0,0.0,0.0,0.0,0.0,0.0,0.0
2020-07-31,22.75,0.26833903458760927,0.013683048270619558,,0.0,0.0,0.0,0.0,0.0,0.0,0.0
2020-08-03,23.16,0.2839224629418472,0.015583428354237927,,0.0,0.0,0.0,0.0,0.0,0.0,0.0
2020-08-04,23.23,0.28658304827061953,0.0026605853287723358,,0.0,0.0,0.0,0.0,0.0,0.0,0.0
2020-08-05,23.219999,0.2862029266438617,-0.00038012162675782335,,0.0,0.0,0.0,0.0,0.0,0.0,0.0
2020-08-06,23.27,0.2881033827442037,0.0019004561003420073,,0.0,0.0,0.0,0.0,0.0,0.0,0.0
2020-08-07,20.690001,0.19004184720638537,-0.09806153553781835,,0.0,0.0,0.0,0.0,0.0,0.0,0.0
2020-08-10,19.92,0.160775370581528,-0.029266476624857374,,0.0,0.0,0.0,0.0,0.0,0.0,0.0
2020-08-11,19.66,0.15089319650323071,-0.009882174078297279,,0.0,0.0,0.0,0.0,0.0,0.0,0.0
2020-08-12,19.639999,0.15013299125807678,-0.0007602052451539387,,0.0,0.0,0.0,0.0,0.0,0.0,0.0
2020-08-13,19.629999,0.1497529076396808,-0.0003800836183959766,,0.0,0.0,0.0,0.0,0.0,0.0,0.0
2020-08-14,19.5,0.14481185860889395,-0.004941049030786848,,0.0,0.0,0.0,0.0,0.0,0.0,0.0
2020-08-17,19.92,0.160775370581528,0.015963511972634042,,0.0,0.0,0.0,0.0,0.0,0.0,0.0
2020-08-18,20.48,0.1820600532117066,0.021284682630178603,,0.0,0.0,0.0,0.0,0.0,0.0,0.0
2020-08-19,20.139999,0.16913717217787913,-0.012922881033827466,,0.0,0.0,0.0,0.0,0.0,0.0,0.0
2020-08-20,20.16,0.16989737742303307,0.0007602052451539387,,0.0,0.0,0.0,0.0,0.0,0.0,0.0
2020-08-21,20.120001,0.16837708095781068,-0.0015202964652223927,,0.0,0.0,0.0,0.0,0.0,0.0,0.0
2020-08-24,20.209999,0.17179775750665147,0.0034206765488407898,,0.0,0.0,0.0,0.0,0.0,0.0,0.0
2020-08-25,20.139999,0.16913717217787913,-0.0026605853287723358,,0.0,0.0,0.0,0.0,0.0,0.0,0.0
2020-08-26,20.57,0.18548080577727102,0.016343633599391894,,0.0,0.0,0.0,0.0,0.0,0.0,0.0
2020-08-27,20.309999,0.17559859369061198,-0.009882212086659042,,0.0,0.0,0.0,0.0,0.0,0.0,0.0
2020-08-28,20.719999,0.1911820220448499,0.015583428354237927,,0.0,0.0,0.0,0.0,0.0,0.0,0.0
2020-08-31,21.17,0.2082858228810339,0.017103800836183986,,0.0,0.0,0.0,0.0,0.0,0.0,0.0
2020-09-01,21.32,0.21398707715697454,0.005701254275940648,,0.0,0.0,0.0,0.0,0.0,0.0,0.0
2020-09-02,21.75,0.23033067274800456,0.01634359559103002,,0.0,0.0,0.0,0.0,0.0,0.0,0.0
2020-09-03,20.57,0.18548080577727102,-0.04484986697073354,,0.0,0.0,0.0,0.0,0.0,0.0,0.0
2020-09-04,19.75,0.15431394906879514,-0.031166856708475882,,0.0,0.0,0.0,0.0,0.0,0.0,0.0
2020-09-08,19.879999,0.15925499809958196,0.0049410490307868205,,0.0,0.0,0.0,0.0,0.0,0.0,0.0
2020-09-09,20.355,0.177309007981756,0.018054009882174038,,0.0,0.0,0.0,0.0,0.0,0.0,0.0
2020-09-10,19.764999,0.15488403648802734,-0.022424971493728657,,0.0,0.0,0.0,0.0,0.0,0.0,0.0
2020-09-11,19.85,0.15811478525275566,0.003230748764728314,,0.0,0.0,0.0,0.0,0.0,0.0,0.0
2020-09-14,20.18,0.17065754465982516,0.012542759407069504,,0.0,0.0,0.0,0.0,0.0,0.0,0.0
2020-09-15,20.35,0.177118966172558,0.006461421512732851,": Today I‚Äôm talking with  about Dropbox‚Äôs Public Life, and with _chudnovsky about FB Messenger product, manageme‚Ä¶",1.0,3.0,0.0,0.06666666666666667,0.0,0.41666666666666663,-0.2940972222222221
2020-09-16,20.219999,0.17217784112504755,-0.0049411250475104584,,0.0,0.0,0.0,0.0,0.0,0.0,0.0
2020-09-17,19.5,0.14481185860889395,-0.027365982516153603,,0.0,0.0,0.0,0.0,0.0,0.0,0.0
2020-09-18,19.280001,0.1364500570125427,-0.008361801596351248,,0.0,0.0,0.0,0.0,0.0,0.0,0.0
2020-09-21,19.23,0.1345496009122007,-0.0019004561003420073,,0.0,0.0,0.0,0.0,0.0,0.0,0.0
2020-09-22,19.530001,0.1459521474724439,0.011402546560243199,,0.0,0.0,0.0,0.0,0.0,0.0,0.0
2020-09-23,19.18,0.13264918282022045,-0.013302964652223442,,0.0,0.0,0.0,0.0,0.0,0.0,0.0
2020-09-24,18.780001,0.11744587609274036,-0.01520330672748009,,0.0,0.0,0.0,0.0,0.0,0.0,0.0
2020-09-25,19.15,0.13150893196503227,0.01406305587229191,,0.0,0.0,0.0,0.0,0.0,0.0,0.0
2020-09-28,19.280001,0.1364500570125427,0.004941125047510431,,0.0,0.0,0.0,0.0,0.0,0.0,0.0
2020-09-29,19.129999,0.13074872671987844,-0.005701330292664258,,0.0,0.0,0.0,0.0,0.0,0.0,0.0
2020-09-30,19.26,0.1356898517673889,0.0049411250475104584,,0.0,0.0,0.0,0.0,0.0,0.0,0.0
2020-10-01,19.475,0.1438616495629039,0.008171797795514996,,0.0,0.0,0.0,0.0,0.0,0.0,0.0
2020-10-02,19.18,0.13264918282022045,-0.011212466742683447,,0.0,0.0,0.0,0.0,0.0,0.0,0.0
2020-10-05,19.51,0.14519194222729007,0.012542759407069615,,0.0,0.0,0.0,0.0,0.0,0.0,0.0
2020-10-06,19.280001,0.1364500570125427,-0.008741885214747364,,0.0,0.0,0.0,0.0,0.0,0.0,0.0
2020-10-07,19.66,0.15089319650323071,0.014443139490688012,,0.0,0.0,0.0,0.0,0.0,0.0,0.0
2020-10-08,19.67,0.15127328012162683,0.0003800836183961154,,0.0,0.0,0.0,0.0,0.0,0.0,0.0
2020-10-09,20.389999,0.1786392626377803,0.027365982516153464,,0.0,0.0,0.0,0.0,0.0,0.0,0.0
2020-10-12,20.030001,0.16495632839224625,-0.013682934245534045,,0.0,0.0,0.0,0.0,0.0,0.0,0.0
2020-10-13,20.34,0.17673888255416192,0.011782554161915676,"Today we announced that  is going Virtual First. We've learned a lot during the shift to remote work, and we hope this intentional approach will blend the best of both remote and in-office work, and help us live our mission. ",1.0,63.0,343.0,0.30666666666666664,0.23727272727272722,0.5550757575757574,0.13840909090909082
2020-10-14,19.84,0.15773470163435957,-0.019004180919802355,,0.0,0.0,0.0,0.0,0.0,0.0,0.0
2020-10-15,20.139999,0.16913717217787913,0.01140247054351956,,0.0,0.0,0.0,0.0,0.0,0.0,0.0
2020-10-16,20.32,0.17597871531736983,0.006841543139490702,,0.0,0.0,0.0,0.0,0.0,0.0,0.0
2020-10-19,19.889999,0.15963508171797794,-0.016343633599391894,,0.0,0.0,0.0,0.0,0.0,0.0,0.0
2020-10-20,19.780001,0.15545423793234506,-0.004180843785632882,,0.0,0.0,0.0,0.0,0.0,0.0,0.0
2020-10-21,19.98,0.16305587229190424,0.007601634359559184,,0.0,0.0,0.0,0.0,0.0,0.0,0.0
2020-10-22,20.200001,0.1714177499049791,0.008361877613074858,,0.0,0.0,0.0,0.0,0.0,0.0,0.0
2020-10-23,19.719999,0.1531736602052452,-0.0182440896997339,,0.0,0.0,0.0,0.0,0.0,0.0,0.0
2020-10-26,19.125,0.1305587229190422,-0.022614937286203007,,0.0,0.0,0.0,0.0,0.0,0.0,0.0
2020-10-27,19.030001,0.12694796655264154,-0.0036107563664006526,,0.0,0.0,0.0,0.0,0.0,0.0,0.0
2020-10-28,18.610001,0.11098445458000762,-0.015963511972633918,Congrats Tony &amp; team! ,1.0,11.0,36.0,0.0,0.0,0.41666666666666663,-0.13840909090909082
2020-10-29,18.75,0.11630558722919043,0.005321132649182811,Really excited to work with  in his new role as President ‚Äî congrats Timothy! üòäüöÄ ,1.0,8.0,55.0,0.6022727272727273,0.2727272727272727,0.5757575757575757,0.15909090909090906
2020-10-30,18.26,0.09768148992778418,-0.018624097301406253,,0.0,0.0,0.0,0.0,0.0,0.0,0.0
2020-11-02,17.969999,0.08665902698593697,-0.011022462941847208,,0.0,0.0,0.0,0.0,0.0,0.0,0.0
2020-11-03,18.200001,0.0954010262257697,0.008741999239832723,,0.0,0.0,0.0,0.0,0.0,0.0,0.0
2020-11-04,18.549999,0.10870387685290764,0.013302850627137944,,0.0,0.0,0.0,0.0,0.0,0.0,0.0
2020-11-05,20.120001,0.16837708095781068,0.05967320410490304,,0.0,0.0,0.0,0.0,0.0,0.0,0.0
2020-11-06,19.145,0.13131889015583428,-0.03705819080197639,,0.0,0.0,0.0,0.0,0.0,0.0,0.0
2020-11-09,18.75,0.11630558722919043,-0.015013302926643851,Awesome walking down memory lane with  for  ‚ò∫ Thank you for having me on! ,1.0,11.0,139.0,0.6444444444444445,0.4027777777777778,0.6516203703703703,0.07586279461279466
2020-11-10,18.469999,0.10566320790573933,-0.010642379323451107,,0.0,0.0,0.0,0.0,0.0,0.0,0.0
2020-11-11,18.82,0.11896617255796277,0.013302964652223442,,0.0,0.0,0.0,0.0,0.0,0.0,0.0
2020-11-12,18.77,0.11706575446598251,-0.0019004180919802577,Great talking with  about 's Virtual First strategy and the future of distributed work -- thank you for inviting me on üòä ,1.0,6.0,46.0,0.40277777777777773,0.35000000000000003,0.6208333333333332,-0.030787037037037113
2020-11-13,19.059999,0.1280881413911061,0.011022386925123598,,0.0,0.0,0.0,0.0,0.0,0.0,0.0
2020-11-16,18.690001,0.11402512352717593,-0.014063017863930175,,0.0,0.0,0.0,0.0,0.0,0.0,0.0
2020-11-17,18.549999,0.10870387685290764,-0.005321246674268296,No one could have imagined how in 2020 the world would move overnight to distributed work -- and since then we've reoriented our product roadmap to help our customers do their best work from anywhere. Excited to share some of what we‚Äôve been working on  ü•≥ ,1.0,10.0,90.0,0.525,0.6875,0.8177083333333334,0.19687500000000013
2020-11-18,18.43,0.10414291144051692,-0.004560965412390719,,0.0,0.0,0.0,0.0,0.0,0.0,0.0
2020-11-19,18.92,0.1227670087419233,0.018624097301406378,,0.0,0.0,0.0,0.0,0.0,0.0,0.0
2020-11-20,19.030001,0.12694796655264154,0.004180957810718242,,0.0,0.0,0.0,0.0,0.0,0.0,0.0
2020-11-23,19.120001,0.13036871911820597,0.0034207525655644277,,0.0,0.0,0.0,0.0,0.0,0.0,0.0
2020-11-24,18.450001,0.10490311668567087,-0.025465602432535095,,0.0,0.0,0.0,0.0,0.0,0.0,0.0
2020-11-25,19.110001,0.12998863549981,0.02508551881413912,,0.0,0.0,0.0,0.0,0.0,0.0,0.0
2020-11-27,19.540001,0.14633223109084,0.01634359559103002,,0.0,0.0,0.0,0.0,0.0,0.0,0.0
2020-11-30,19.969999,0.1626757506651464,0.01634351957430638,,0.0,0.0,0.0,0.0,0.0,0.0,0.0
2020-12-01,20.17,0.17027746104142918,0.007601710376282794,,0.0,0.0,0.0,0.0,0.0,0.0,0.0
2020-12-02,20.110001,0.1679969973394147,-0.0022804637020144847,,0.0,0.0,0.0,0.0,0.0,0.0,0.0
2020-12-03,20.23,0.1725579627518054,0.004560965412390705,,0.0,0.0,0.0,0.0,0.0,0.0,0.0
2020-12-04,20.35,0.177118966172558,0.004561003420752607,,0.0,0.0,0.0,0.0,0.0,0.0,0.0
2020-12-07,20.5,0.18282022044849866,0.005701254275940648,,0.0,0.0,0.0,0.0,0.0,0.0,0.0
2020-12-08,21.59,0.2242493348536678,0.04142911440516914,,0.0,0.0,0.0,0.0,0.0,0.0,0.0
2020-12-09,21.26,0.21170657544659832,-0.012542759407069476,Thanks  ‚Äî really excited about our partnership &amp; can't wait to roll out what we've been working on to our customers! ‚ò∫Ô∏è WebexOne ,1.0,24.0,49.0,0.475,0.334375,0.61171875,-0.2059895833333334
2020-12-10,21.24,0.2109464082098061,-0.0007601672367922307,,0.0,0.0,0.0,0.0,0.0,0.0,0.0
2020-12-11,22.49,0.258456860509312,0.0475104522995059,,0.0,0.0,0.0,0.0,0.0,0.0,0.0
2020-12-14,23.32,0.290003800836184,0.031546940326872,,0.0,0.0,0.0,0.0,0.0,0.0,0.0
2020-12-15,23.120001,0.2824021664766248,-0.007601634359559184,So excited to welcome  to the  Board! Can't wait to get started ü•≥ ,1.0,31.0,287.0,0.825,0.6875,0.8177083333333334,0.2059895833333334
2020-12-16,23.52,0.29760547320410485,0.015203306727480048,,0.0,0.0,0.0,0.0,0.0,0.0,0.0
2020-12-17,23.889999,0.3116685290763968,0.014063055872291952,,0.0,0.0,0.0,0.0,0.0,0.0,0.0
2020-12-18,23.68,0.30368681109844164,-0.00798171797795516,,0.0,0.0,0.0,0.0,0.0,0.0,0.0
2020-12-21,23.549999,0.29874568605093116,-0.004941125047510486,,0.0,0.0,0.0,0.0,0.0,0.0,0.0
2020-12-22,24.870001,0.34891679969593303,0.050171113645001875,,0.0,0.0,0.0,0.0,0.0,0.0,0.0
2020-12-23,24.610001,0.33903462561763587,-0.009882174078297168,,0.0,0.0,0.0,0.0,0.0,0.0,0.0
2020-12-24,24.65,0.34055492208285815,0.0015202964652222817,,0.0,0.0,0.0,0.0,0.0,0.0,0.0
2020-12-28,23.6,0.30064614215127333,-0.039908779931584815,,0.0,0.0,0.0,0.0,0.0,0.0,0.0
2020-12-29,22.93,0.2751805397187381,-0.025465602432535206,,0.0,0.0,0.0,0.0,0.0,0.0,0.0
2020-12-30,22.6,0.2626377803116686,-0.012542759407069504,,0.0,0.0,0.0,0.0,0.0,0.0,0.0
2020-12-31,22.190001,0.24705438996579243,-0.015583390345876191,,0.0,0.0,0.0,0.0,0.0,0.0,0.0
2021-01-04,22.049999,0.24173314329152412,-0.0053212466742683096,,0.0,0.0,0.0,0.0,0.0,0.0,0.0
2021-01-05,22.23,0.24857468643101482,0.006841543139490702,,0.0,0.0,0.0,0.0,0.0,0.0,0.0
2021-01-06,21.85,0.23413150893196508,-0.014443177499049747,,0.0,0.0,0.0,0.0,0.0,0.0,0.0
2021-01-07,22.559999,0.2611174078297226,0.026985898897757515,,0.0,0.0,0.0,0.0,0.0,0.0,0.0
2021-01-08,22.5,0.2588369441277081,-0.0022804637020145124,,0.0,0.0,0.0,0.0,0.0,0.0,0.0
2021-01-11,23.35,0.29114405169137214,0.03230710756366406,,0.0,0.0,0.0,0.0,0.0,0.0,0.0
2021-01-12,23.610001,0.30102626377803116,0.009882212086659015,,0.0,0.0,0.0,0.0,0.0,0.0,0.0
2021-01-13,22.120001,0.2443938046370201,-0.05663245914101106,  Congrats Max &amp; team!!,1.0,17.0,26.0,0.0,0.0,0.41666666666666663,-0.40104166666666674
2021-01-14,22.690001,0.26605857088559476,0.021664766248574663,,0.0,0.0,0.0,0.0,0.0,0.0,0.0
2021-01-15,22.08,0.24287343215507404,-0.02318513873052072,,0.0,0.0,0.0,0.0,0.0,0.0,0.0
2021-01-19,21.77,0.23109083998479663,-0.011782592170277412,,0.0,0.0,0.0,0.0,0.0,0.0,0.0
2021-01-20,22.17,0.2462941847206386,0.015203344735841978,,0.0,0.0,0.0,0.0,0.0,0.0,0.0
2021-01-21,21.940001,0.23755229950589124,-0.008741885214747364,,0.0,0.0,0.0,0.0,0.0,0.0,0.0
2021-01-22,22.16,0.2459141011022425,0.008361801596351248,,0.0,0.0,0.0,0.0,0.0,0.0,0.0
2021-01-25,22.02,0.24059293044469782,-0.0053211706575446716,,0.0,0.0,0.0,0.0,0.0,0.0,0.0
2021-01-26,22.200001,0.24743447358418852,0.006841543139490702,,0.0,0.0,0.0,0.0,0.0,0.0,0.0
2021-01-27,24.26,0.32573166096541245,0.07829718738122393,,0.0,0.0,0.0,0.0,0.0,0.0,0.0
2021-01-28,23.084999,0.281071797795515,-0.04465986316989745,,0.0,0.0,0.0,0.0,0.0,0.0,0.0
2021-01-29,22.629999,0.26377799315849493,-0.01729380463702007,This is a chance to reimagine work as we know it. Great talking with  about what the future could look like. ,1.0,28.0,79.0,0.4375,0.4,0.65,0.2333333333333334
2021-02-01,22.889999,0.2736601672367921,0.009882174078297168,,0.0,0.0,0.0,0.0,0.0,0.0,0.0
2021-02-02,23.110001,0.28202208285822883,0.008361915621436733,,0.0,0.0,0.0,0.0,0.0,0.0,0.0
2021-02-03,23.92,0.31280881793994686,0.03078673508171803,,0.0,0.0,0.0,0.0,0.0,0.0,0.0
2021-02-04,23.690001,0.30406693272519947,-0.008741885214747391,: Only 3% of Black students learn computer science in high school or beyond. Please watch and share this video. Inspire a studen‚Ä¶,1.0,2726.0,0.0,0.6577777777777777,-0.002222222222222218,0.41537037037037033,-0.2346296296296297
2021-02-05,24.84,0.3477765108323831,0.04370957810718362,,0.0,0.0,0.0,0.0,0.0,0.0,0.0
2021-02-08,24.82,0.347016343595591,-0.0007601672367920642,,0.0,0.0,0.0,0.0,0.0,0.0,0.0
2021-02-09,24.15,0.3215507411630558,-0.025465602432535206,,0.0,0.0,0.0,0.0,0.0,0.0,0.0
2021-02-10,23.91,0.3124287343215507,-0.009122006841505104,,0.0,0.0,0.0,0.0,0.0,0.0,0.0
2021-02-11,23.700001,0.3044470163435956,-0.007981717977955105, (waiting for sick burn response from ),1.0,18.0,17.0,0.8571428571428571,-0.7142857142857143,0.0,-0.41537037037037033
2021-02-12,24.51,0.33523375142531364,0.03078673508171803,,0.0,0.0,0.0,0.0,0.0,0.0,0.0
2021-02-16,24.49,0.3344735841885214,-0.0007601672367922307,,0.0,0.0,0.0,0.0,0.0,0.0,0.0
2021-02-17,24.1,0.31965032307107566,-0.014823261117445752,,0.0,0.0,0.0,0.0,0.0,0.0,0.0
2021-02-18,24.370001,0.3299126187761307,0.010262295705055047,,0.0,0.0,0.0,0.0,0.0,0.0,0.0
2021-02-19,23.455,0.29513492968453053,-0.03477768909160017,,0.0,0.0,0.0,0.0,0.0,0.0,0.0
2021-02-22,22.5,0.2588369441277081,-0.036297985556822454,,0.0,0.0,0.0,0.0,0.0,0.0,0.0
2021-02-23,23.18,0.28468263017863926,0.025845686050931183,,0.0,0.0,0.0,0.0,0.0,0.0,0.0
2021-02-24,22.92,0.27480045610034215,-0.009882174078297112,,0.0,0.0,0.0,0.0,0.0,0.0,0.0
2021-02-25,22.639999,0.2641580767768909,-0.010642379323451245,,0.0,0.0,0.0,0.0,0.0,0.0,0.0
2021-02-26,22.545,0.2605473204104904,-0.003610756366400514,,0.0,0.0,0.0,0.0,0.0,0.0,0.0
2021-03-01,23.15,0.2835423793234511,0.02299505891296072,,0.0,0.0,0.0,0.0,0.0,0.0,0.0
2021-03-02,22.950001,0.27594074496389204,-0.007601634359559073,,0.0,0.0,0.0,0.0,0.0,0.0,0.0
2021-03-03,22.42,0.25579627518053977,-0.02014446978335227,,0.0,0.0,0.0,0.0,0.0,0.0,0.0
2021-03-04,23.049999,0.27974150513112883,0.023945229950589064,,0.0,0.0,0.0,0.0,0.0,0.0,0.0
2021-03-05,23.48,0.2960851387305207,0.016343633599391894,,0.0,0.0,0.0,0.0,0.0,0.0,0.0
2021-03-08,23.76,0.30672748004561007,0.010642341315089343,,0.0,0.0,0.0,0.0,0.0,0.0,0.0
2021-03-09,24.74,0.3439756746484226,0.037248194602812534,Welcome  to the Dropbox family! Can‚Äôt wait to see what we‚Äôll accomplish together ü§ó,1.0,41.0,340.0,0.9,1.0,1.0,1.0
2021-03-10,24.48,0.33409350057012543,-0.009882174078297168,,0.0,0.0,0.0,0.0,0.0,0.0,0.0
2021-03-11,25.450001,0.37096164956290384,0.036868148992778405,,0.0,0.0,0.0,0.0,0.0,0.0,0.0
2021-03-12,27.059999,0.43215503610794376,0.06119338654503992,,0.0,0.0,0.0,0.0,0.0,0.0,0.0
2021-03-15,27.959999,0.466362561763588,0.03420752565564422,,0.0,0.0,0.0,0.0,0.0,0.0,0.0
2021-03-16,27.75,0.4583808437856328,-0.00798171797795516,,0.0,0.0,0.0,0.0,0.0,0.0,0.0
2021-03-17,28.059999,0.47016339794754847,0.011782554161915648,Last night we saw another series of tragic and hateful attacks against the Asian community. We  stand with the Asian community to StopAsianHate,1.0,36.0,266.0,0.20416666666666666,-0.1875,0.30729166666666663,-0.6927083333333334
2021-03-18,26.34,0.4047890535917902,-0.06537434435575828,,0.0,0.0,0.0,0.0,0.0,0.0,0.0
2021-03-19,26.860001,0.4245534397567465,0.019764386164956294,,0.0,0.0,0.0,0.0,0.0,0.0,0.0
2021-03-22,27.32,0.4420372481946028,0.017483808437856352,,0.0,0.0,0.0,0.0,0.0,0.0,0.0
2021-03-23,27.35,0.443177499049791,0.0011402508551881518,,0.0,0.0,0.0,0.0,0.0,0.0,0.0
2021-03-24,26.540001,0.41239076396807295,-0.03078673508171803,,0.0,0.0,0.0,0.0,0.0,0.0,0.0
2021-03-25,26.35,0.40516913721018627,-0.007221626757886679,,0.0,0.0,0.0,0.0,0.0,0.0,0.0
2021-03-26,26.59,0.4142911440516914,0.009122006841505104,,0.0,0.0,0.0,0.0,0.0,0.0,0.0
2021-03-29,26.16,0.3979475484606613,-0.016343595591030047,,0.0,0.0,0.0,0.0,0.0,0.0,0.0
2021-03-30,26.25,0.4013683010262257,0.0034207525655644,,0.0,0.0,0.0,0.0,0.0,0.0,0.0
2021-03-31,26.66,0.4169517293804637,0.015583428354237983,,0.0,0.0,0.0,0.0,0.0,0.0,0.0
2021-04-01,27.389999,0.44469779551501326,0.027746066134549552,,0.0,0.0,0.0,0.0,0.0,0.0,0.0
2021-04-05,27.870001,0.46294188521474716,0.0182440896997339,,0.0,0.0,0.0,0.0,0.0,0.0,0.0
2021-04-06,27.809999,0.46066130748764733,-0.0022805777270998306,,0.0,0.0,0.0,0.0,0.0,0.0,0.0
2021-04-07,27.620001,0.45343979475484597,-0.007221512732801361,,0.0,0.0,0.0,0.0,0.0,0.0,0.0
2021-04-08,27.690001,0.4561003800836183,0.0026605853287723358,,0.0,0.0,0.0,0.0,0.0,0.0,0.0
2021-04-09,26.99,0.42949448878753316,-0.02660589129608515,,0.0,0.0,0.0,0.0,0.0,0.0,0.0
2021-04-12,26.049999,0.39376659064994296,-0.0357278981375902,,0.0,0.0,0.0,0.0,0.0,0.0,0.0
2021-04-13,26.17,0.3983276320790574,0.004561041429114454,,0.0,0.0,0.0,0.0,0.0,0.0,0.0
2021-04-14,26.32,0.4040288863549981,0.005701254275940704,,0.0,0.0,0.0,0.0,0.0,0.0,0.0
2021-04-15,26.370001,0.4059293424553401,0.0019004561003420073,,0.0,0.0,0.0,0.0,0.0,0.0,0.0
2021-04-16,26.379999,0.4063093500570126,0.0003800076016724496,,0.0,0.0,0.0,0.0,0.0,0.0,0.0
2021-04-19,26.120001,0.39642725199543893,-0.009882098061573641,,0.0,0.0,0.0,0.0,0.0,0.0,0.0
2021-04-20,25.719999,0.38122383124287346,-0.015203420752565477,,0.0,0.0,0.0,0.0,0.0,0.0,0.0
2021-04-21,25.85,0.38616495629038394,0.004941125047510486,,0.0,0.0,0.0,0.0,0.0,0.0,0.0
2021-04-22,25.99,0.39148612694792845,0.005321170657544505,,0.0,0.0,0.0,0.0,0.0,0.0,0.0
2021-04-23,26.254999,0.401558304827062,0.01007217787913356,,0.0,0.0,0.0,0.0,0.0,0.0,0.0
2021-04-26,26.559999,0.41315085518814143,0.011592550361079423,,0.0,0.0,0.0,0.0,0.0,0.0,0.0
2021-04-27,26.370001,0.4059293424553401,-0.007221512732801305,,0.0,0.0,0.0,0.0,0.0,0.0,0.0
2021-04-28,26.540001,0.41239076396807295,0.006461421512732823,,0.0,0.0,0.0,0.0,0.0,0.0,0.0
2021-04-29,26.24,0.40098821740782964,-0.01140254656024331,,0.0,0.0,0.0,0.0,0.0,0.0,0.0
2021-04-30,25.700001,0.38046374002280503,-0.02052447738502461,,0.0,0.0,0.0,0.0,0.0,0.0,0.0
2021-05-03,25.32,0.3660205245153934,-0.014443215507411622,,0.0,0.0,0.0,0.0,0.0,0.0,0.0
2021-05-04,25.02,0.35461801596351195,-0.011402508551881463,,0.0,0.0,0.0,0.0,0.0,0.0,0.0
2021-05-05,24.860001,0.34853671607753706,-0.006081299885974889,,0.0,0.0,0.0,0.0,0.0,0.0,0.0
2021-05-06,24.530001,0.33599395667046744,-0.012542759407069615,": Our quarterly business update: Q1 revenue of $511.6 million, up 12% year-over-year, with $2.1B in ARR. Read more in our full e‚Ä¶",1.0,23.0,0.0,0.525,0.425,0.6645833333333333,0.3572916666666667
2021-05-07,24.700001,0.3424553781832003,0.006461421512732879,,0.0,0.0,0.0,0.0,0.0,0.0,0.0
2021-05-10,25.43,0.3702014443177499,0.027746066134549552,,0.0,0.0,0.0,0.0,0.0,0.0,0.0
2021-05-11,25.549999,0.3747624097301406,0.004560965412390705,,0.0,0.0,0.0,0.0,0.0,0.0,0.0
2021-05-12,24.809999,0.3466362219688332,-0.028126187761307375,,0.0,0.0,0.0,0.0,0.0,0.0,0.0
2021-05-13,24.440001,0.33257320410490304,-0.01406301786393016,,0.0,0.0,0.0,0.0,0.0,0.0,0.0
2021-05-14,25.379999,0.36830098821740787,0.03572778411250482,,0.0,0.0,0.0,0.0,0.0,0.0,0.0
2021-05-17,26.1,0.3956670467502851,0.027366058532877213,,0.0,0.0,0.0,0.0,0.0,0.0,0.0
2021-05-18,26.25,0.4013683010262257,0.005701254275940648,,0.0,0.0,0.0,0.0,0.0,0.0,0.0
2021-05-19,26.379999,0.4063093500570126,0.004941049030786848,,0.0,0.0,0.0,0.0,0.0,0.0,0.0
2021-05-20,26.780001,0.42151277080957805,0.015203420752565477,,0.0,0.0,0.0,0.0,0.0,0.0,0.0
2021-05-21,26.719999,0.41923219308247817,-0.002280577727099886,,0.0,0.0,0.0,0.0,0.0,0.0,0.0
2021-05-24,27.15,0.43557582668186995,0.016343633599391783,,0.0,0.0,0.0,0.0,0.0,0.0,0.0
2021-05-25,26.73,0.41961231470923605,-0.015963511972633904,,0.0,0.0,0.0,0.0,0.0,0.0,0.0
2021-05-26,27.41,0.4454580007601672,0.025845686050931183,,0.0,0.0,0.0,0.0,0.0,0.0,0.0
2021-05-27,27.77,0.4591410110224249,0.013683010262257655,,0.0,0.0,0.0,0.0,0.0,0.0,0.0
2021-05-28,27.35,0.443177499049791,-0.015963511972633904,,0.0,0.0,0.0,0.0,0.0,0.0,0.0
2021-06-01,26.809999,0.4226529456480426,-0.020524553401748358,,0.0,0.0,0.0,0.0,0.0,0.0,0.0
2021-06-02,27.860001,0.4625618015963512,0.039908855948308564,,0.0,0.0,0.0,0.0,0.0,0.0,0.0
2021-06-03,28.200001,0.4754846446218168,0.012922843025465591,,0.0,0.0,0.0,0.0,0.0,0.0,0.0
2021-06-04,28.5,0.48688711516533634,0.01140247054351956,,0.0,0.0,0.0,0.0,0.0,0.0,0.0
2021-06-07,29.129999,0.5108323451159256,0.02394522995058923,,0.0,0.0,0.0,0.0,0.0,0.0,0.0
2021-06-08,29.35,0.5191942227290004,0.00836187761307483,,0.0,0.0,0.0,0.0,0.0,0.0,0.0
2021-06-09,29.07,0.508551881413911,-0.010642341315089343,,0.0,0.0,0.0,0.0,0.0,0.0,0.0
2021-06-10,29.75,0.5343975674648422,0.025845686050931183,,0.0,0.0,0.0,0.0,0.0,0.0,0.0
2021-06-11,29.719999,0.5332572786012924,-0.0011402888635498876,,0.0,0.0,0.0,0.0,0.0,0.0,0.0
2021-06-14,29.52,0.5256556442417332,-0.007601634359559184,,0.0,0.0,0.0,0.0,0.0,0.0,0.0
2021-06-15,29.23,0.5146332193082478,-0.011022424933485375,,0.0,0.0,0.0,0.0,0.0,0.0,0.0
2021-06-16,29.469999,0.5237551881413911,0.009121968833143312,,0.0,0.0,0.0,0.0,0.0,0.0,0.0
2021-06-17,29.209999,0.5138730140630938,-0.009882174078297279,,0.0,0.0,0.0,0.0,0.0,0.0,0.0
2021-06-18,29.139999,0.5112124287343215,-0.0026605853287723358,,0.0,0.0,0.0,0.0,0.0,0.0,0.0
2021-06-21,29.280001,0.5165336754085899,0.005321246674268365,,0.0,0.0,0.0,0.0,0.0,0.0,0.0
2021-06-22,29.559999,0.5271759407069555,0.01064226529836565,,0.0,0.0,0.0,0.0,0.0,0.0,0.0
2021-06-23,29.76,0.5347776510832384,0.0076017103762828775,,0.0,0.0,0.0,0.0,0.0,0.0,0.0
2021-06-24,29.84,0.5378183200304066,0.003040668947168257,,0.0,0.0,0.0,0.0,0.0,0.0,0.0
2021-06-25,30.209999,0.5518813759026986,0.014063055872291952,,0.0,0.0,0.0,0.0,0.0,0.0,0.0
2021-06-28,30.309999,0.5556822120866591,0.003800836183960543,,0.0,0.0,0.0,0.0,0.0,0.0,0.0
2021-06-29,30.450001,0.5610034587609274,0.005321246674268254,,0.0,0.0,0.0,0.0,0.0,0.0,0.0
2021-06-30,30.309999,0.5556822120866591,-0.005321246674268254,,0.0,0.0,0.0,0.0,0.0,0.0,0.0
2021-07-01,30.219999,0.5522614595210946,-0.003420752565564511,,0.0,0.0,0.0,0.0,0.0,0.0,0.0
2021-07-02,30.68,0.5697453439756746,0.017483884454579934,,0.0,0.0,0.0,0.0,0.0,0.0,0.0
2021-07-06,30.9,0.5781071835803876,0.00836183960471304,,0.0,0.0,0.0,0.0,0.0,0.0,0.0
2021-07-07,31.139999,0.5872291524135309,0.009121968833143312,,0.0,0.0,0.0,0.0,0.0,0.0,0.0
2021-07-08,30.82,0.5750665146332193,-0.01216263778031157,,0.0,0.0,0.0,0.0,0.0,0.0,0.0
2021-07-09,31.049999,0.5838083998479665,0.00874188521474717,,0.0,0.0,0.0,0.0,0.0,0.0,0.0
2021-07-12,30.799999,0.5743063093880654,-0.009502090459901136,,0.0,0.0,0.0,0.0,0.0,0.0,0.0
2021-07-13,30.860001,0.5765868871151654,0.002280577727099997,,0.0,0.0,0.0,0.0,0.0,0.0,0.0
2021-07-14,30.5,0.5629038388445458,-0.013683048270619613,,0.0,0.0,0.0,0.0,0.0,0.0,0.0
2021-07-15,29.959999,0.5423792854427973,-0.020524553401748413,,0.0,0.0,0.0,0.0,0.0,0.0,0.0
2021-07-16,30.15,0.5496009122006841,0.007221626757886734,,0.0,0.0,0.0,0.0,0.0,0.0,0.0
2021-07-19,29.809999,0.5366780311668568,-0.012922881033827327,,0.0,0.0,0.0,0.0,0.0,0.0,0.0
2021-07-20,30.5,0.5629038388445458,0.026225807677689006,,0.0,0.0,0.0,0.0,0.0,0.0,0.0
2021-07-21,30.52,0.5636640060813378,0.0007601672367920642,,0.0,0.0,0.0,0.0,0.0,0.0,0.0
2021-07-22,30.57,0.5655644241733181,0.0019004180919802716,,0.0,0.0,0.0,0.0,0.0,0.0,0.0
2021-07-23,30.91,0.5784872671987837,0.012922843025465647,,0.0,0.0,0.0,0.0,0.0,0.0,0.0
2021-07-26,30.84,0.5758266818700114,-0.0026605853287723358,,0.0,0.0,0.0,0.0,0.0,0.0,0.0
2021-07-27,30.84,0.5758266818700114,0.0,,0.0,0.0,0.0,0.0,0.0,0.0,0.0
2021-07-28,31.66,0.6069935385784873,0.031166856708475854,,0.0,0.0,0.0,0.0,0.0,0.0,0.0
2021-07-29,31.75,0.6104142911440518,0.003420752565564511,"Thrilled to welcome Sara Mathew to the  Board of Directors! Sara, we‚Äôre grateful to have your perspective ‚Äî can‚Äôt wait to get started ü•≥

",1.0,6.0,36.0,0.8,0.8,0.8833333333333332,0.2187499999999999
2021-07-30,31.49,0.6005321170657544,-0.00988217407829739,,0.0,0.0,0.0,0.0,0.0,0.0,0.0
2021-08-02,31.299999,0.5933104903078676,-0.007221626757886734,,0.0,0.0,0.0,0.0,0.0,0.0,0.0
2021-08-03,31.48,0.6001520334473585,0.006841543139490813,,0.0,0.0,0.0,0.0,0.0,0.0,0.0
2021-08-04,31.42,0.5978715317369822,-0.0022805017103763037,,0.0,0.0,0.0,0.0,0.0,0.0,0.0
2021-08-05,31.58,0.6039528696313188,0.006081337894336625,Extremely proud of the team for a great Q2! ü•≥ ,1.0,8.0,161.0,0.875,0.9,0.9416666666666667,0.05833333333333346
2021-08-06,32.220001,0.628278259217028,0.02432538958570918,": Congrats to the full  team for a standout quarter surpassing all expectations, and incredible momentum across the bus‚Ä¶",1.0,13.0,0.0,0.7250000000000001,0.625,0.78125,-0.16041666666666665
2021-08-09,32.439999,0.6366400228050172,0.008361763587989235,,0.0,0.0,0.0,0.0,0.0,0.0,0.0
2021-08-10,32.349998,0.6332192322310909,-0.0034207905739263023,,0.0,0.0,0.0,0.0,0.0,0.0,0.0
2021-08-11,32.310001,0.6316990117825922,-0.0015202204484986437,,0.0,0.0,0.0,0.0,0.0,0.0,0.0
2021-08-12,32.23,0.6286583048270619,-0.003040706955530381,,0.0,0.0,0.0,0.0,0.0,0.0,0.0
2021-08-13,32.130001,0.6248575066514633,-0.00380079817559853,,0.0,0.0,0.0,0.0,0.0,0.0,0.0
2021-08-16,31.309999,0.5936905739262638,-0.031166932725199548,,0.0,0.0,0.0,0.0,0.0,0.0,0.0
2021-08-17,30.93,0.5792474344355758,-0.014443139490687984,,0.0,0.0,0.0,0.0,0.0,0.0,0.0
2021-08-18,30.98,0.5811478525275561,0.0019004180919802716,,0.0,0.0,0.0,0.0,0.0,0.0,0.0
2021-08-19,30.139999,0.5492207905739263,-0.03192706195362982,,0.0,0.0,0.0,0.0,0.0,0.0,0.0
2021-08-20,30.6,0.5667046750285063,0.017483884454580045,,0.0,0.0,0.0,0.0,0.0,0.0,0.0
2021-08-23,30.9,0.5781071835803876,0.011402508551881296,,0.0,0.0,0.0,0.0,0.0,0.0,0.0
2021-08-24,30.85,0.5762067654884074,-0.0019004180919801605,,0.0,0.0,0.0,0.0,0.0,0.0,0.0
2021-08-25,30.889999,0.5777270619536298,0.0015202964652223372,,0.0,0.0,0.0,0.0,0.0,0.0,0.0
2021-08-26,30.719999,0.571265640440897,-0.006461421512732768,,0.0,0.0,0.0,0.0,0.0,0.0,0.0
2021-08-27,31.15,0.5876092740402887,0.016343633599391727,,0.0,0.0,0.0,0.0,0.0,0.0,0.0
2021-08-30,31.23,0.5906499429874572,0.003040668947168479,,0.0,0.0,0.0,0.0,0.0,0.0,0.0
2021-08-31,31.709999,0.6088939186621055,0.018243975674648305,,0.0,0.0,0.0,0.0,0.0,0.0,0.0
2021-09-01,31.92,0.6168757126567845,0.00798179399467902,,0.0,0.0,0.0,0.0,0.0,0.0,0.0
2021-09-02,32.130001,0.6248575066514633,0.007981793994678799,,0.0,0.0,0.0,0.0,0.0,0.0,0.0
2021-09-03,32.389999,0.634739604713037,0.009882098061573696,,0.0,0.0,0.0,0.0,0.0,0.0,0.0
2021-09-07,31.549999,0.6028125807677689,-0.03192702394526814,,0.0,0.0,0.0,0.0,0.0,0.0,0.0
2021-09-08,31.700001,0.6085139110604333,0.005701330292664397,,0.0,0.0,0.0,0.0,0.0,0.0,0.0
2021-09-09,32.099998,0.6237171417711896,0.015203230710756355,,0.0,0.0,0.0,0.0,0.0,0.0,0.0
2021-09-10,31.530001,0.6020524895477004,-0.021664652223489234,,0.0,0.0,0.0,0.0,0.0,0.0,0.0
2021-09-13,31.24,0.5910300266058532,-0.011022462941847166,,0.0,0.0,0.0,0.0,0.0,0.0,0.0
2021-09-14,30.68,0.5697453439756746,-0.021284682630178686,,0.0,0.0,0.0,0.0,0.0,0.0,0.0
2021-09-15,30.9,0.5781071835803876,0.00836183960471304,,0.0,0.0,0.0,0.0,0.0,0.0,0.0
2021-09-16,31.059999,0.5841884834663627,0.0060812998859750556,,0.0,0.0,0.0,0.0,0.0,0.0,0.0
2021-09-17,30.700001,0.5705055492208285,-0.013682934245534129,,0.0,0.0,0.0,0.0,0.0,0.0,0.0
2021-09-20,30.110001,0.5480806157354617,-0.022424933485366783,,0.0,0.0,0.0,0.0,0.0,0.0,0.0
2021-09-21,30.280001,0.5545420372481945,0.006461421512732768,,0.0,0.0,0.0,0.0,0.0,0.0,0.0
2021-09-22,30.58,0.5659445077917141,0.011402470543519616,,0.0,0.0,0.0,0.0,0.0,0.0,0.0
2021-09-23,31.27,0.5921702774610413,0.026225769669327215,,0.0,0.0,0.0,0.0,0.0,0.0,0.0
2021-09-24,31.540001,0.6024325731660966,0.010262295705055213,,0.0,0.0,0.0,0.0,0.0,0.0,0.0
2021-09-27,31.07,0.5845686050931205,-0.017863968072976077,,0.0,0.0,0.0,0.0,0.0,0.0,0.0
2021-09-28,29.610001,0.5290764348156595,-0.055492170277461006,Super excited about these new product experiences we launched today helping our customers do more around their content üòä congrats team! ,1.0,8.0,57.0,0.5928030303030303,0.36742424242424243,0.6309974747474747,-0.1502525252525253
2021-09-29,29.24,0.5150133029266438,-0.014063131889015645,,0.0,0.0,0.0,0.0,0.0,0.0,0.0
2021-09-30,29.219999,0.51425309768149,-0.0007602052451538555,  I didn‚Äôt and we don‚Äôt üòÇ,1.0,0.0,29.0,0.0,0.0,0.41666666666666663,-0.21433080808080807
2021-10-01,29.440001,0.5226150133029266,0.008361915621436622,,0.0,0.0,0.0,0.0,0.0,0.0,0.0
2021-10-04,27.84,0.4618015963511972,-0.06081341695172937,,0.0,0.0,0.0,0.0,0.0,0.0,0.0
2021-10-05,28.07,0.47054351957430635,0.008741923223109127,,0.0,0.0,0.0,0.0,0.0,0.0,0.0
2021-10-06,28.26,0.4777651083238313,0.007221588749524943,,0.0,0.0,0.0,0.0,0.0,0.0,0.0
2021-10-07,28.959999,0.5043709236031927,0.0266058152793614,,0.0,0.0,0.0,0.0,0.0,0.0,0.0
2021-10-08,28.51,0.4872671987837325,-0.01710372481946021,,0.0,0.0,0.0,0.0,0.0,0.0,0.0
2021-10-11,28.48,0.4861269479285443,-0.0011402508551882073,,0.0,0.0,0.0,0.0,0.0,0.0,0.0
2021-10-12,28.959999,0.5043709236031927,0.018243975674648416,,0.0,0.0,0.0,0.0,0.0,0.0,0.0
2021-10-13,28.9,0.5020904599011782,-0.0022804637020145124,,0.0,0.0,0.0,0.0,0.0,0.0,0.0
2021-10-14,29.780001,0.5355378563283921,0.03344739642721395,,0.0,0.0,0.0,0.0,0.0,0.0,0.0
2021-10-15,30.290001,0.5549221208665907,0.019384264538198526,,0.0,0.0,0.0,0.0,0.0,0.0,0.0
2021-10-18,29.780001,0.5355378563283921,-0.019384264538198526,,0.0,0.0,0.0,0.0,0.0,0.0,0.0
2021-10-19,30.219999,0.5522614595210946,0.016723603192702496,,0.0,0.0,0.0,0.0,0.0,0.0,0.0
2021-10-20,30.01,0.5442797415431395,-0.007981717977955105,,0.0,0.0,0.0,0.0,0.0,0.0,0.0
2021-10-21,30.540001,0.5644242113264918,0.02014446978335227,,0.0,0.0,0.0,0.0,0.0,0.0,0.0
2021-10-22,30.32,0.556062333713417,-0.00836187761307483,,0.0,0.0,0.0,0.0,0.0,0.0,0.0
2021-10-25,30.93,0.5792474344355758,0.023185100722158847,,0.0,0.0,0.0,0.0,0.0,0.0,0.0
2021-10-26,30.440001,0.5606233751425312,-0.01862405929304456,,0.0,0.0,0.0,0.0,0.0,0.0,0.0
2021-10-27,30.0,0.5438996579247434,-0.01672371721778787,": ‚ÄúPeople will leave companies where they don't have flexibility for companies that do.‚Äù ‚Äì ,  ",1.0,14.0,0.0,0.0,0.0,0.41666666666666663,0.0
2021-10-28,30.23,0.5526415811478526,0.008741923223109183,"We're certainly supporting Apple Silicon, sorry for the confusion. We've been working for a while on a native M1 build which we aim to release in H1 2022. (And agree the responses in the support thread were not ideal -- no need to upvote for this one üòä)   Our communication in the support thread wasn't great -- we'll support Apple Silicon and have been working on M1 support for a while. Plan is to launch in H1 2022 Correct -- lots of technical changes in the OS. Our communication in the support thread wasn't great -- we'll (of course) support Apple Silicon and have been working on M1 support for a while We're certainly supporting Apple Silicon, sorry for the confusion. We've been working for a while on a native M1 build which we aim to release in H1 2022. (And agree the responses in the support thread were not ideal)",4.0,64.0,688.0,0.66875,0.18333333333333338,0.5236111111111111,0.10694444444444451
2021-10-29,30.49,0.5625237552261496,0.009882174078297057,"Excited for  to join the Dropbox family! Universal search across all our work tools is an important part of our product vision, and we‚Äôre one step closer to making that a reality today. Welcome Command E! ",1.0,13.0,95.0,0.6625,0.4671875,0.6891927083333332,0.1655815972222221
2021-11-01,30.459999,0.5613834663625997,-0.0011402888635498876,,0.0,0.0,0.0,0.0,0.0,0.0,0.0
2021-11-02,30.120001,0.5484606993538578,-0.012922767008741953,,0.0,0.0,0.0,0.0,0.0,0.0,0.0
2021-11-03,30.719999,0.571265640440897,0.022804941087039232,,0.0,0.0,0.0,0.0,0.0,0.0,0.0
2021-11-04,31.01,0.5822881033827443,0.011022462941847277,"Proud of the team for another strong quarter! Lots of momentum in Q3, and even bigger opportunities ahead to serve our customers. Congrats Kyle! ",2.0,7.0,94.0,0.37222222222222223,0.22361111111111112,0.5471064814814814,-0.1420862268518518
2021-11-05,27.809999,0.46066130748764733,-0.12162679589509695,,0.0,0.0,0.0,0.0,0.0,0.0,0.0
2021-11-08,28.139999,0.4732040668947168,0.012542759407069448,,0.0,0.0,0.0,0.0,0.0,0.0,0.0
2021-11-09,28.530001,0.4880274040288863,0.0148233371341695,,0.0,0.0,0.0,0.0,0.0,0.0,0.0
2021-11-10,27.200001,0.43747628278221207,-0.05055112124667421,,0.0,0.0,0.0,0.0,0.0,0.0,0.0
2021-11-11,26.85,0.42417331812998865,-0.013302964652223415,,0.0,0.0,0.0,0.0,0.0,0.0,0.0
2021-11-12,26.99,0.42949448878753316,0.005321170657544505,,0.0,0.0,0.0,0.0,0.0,0.0,0.0
2021-11-15,26.610001,0.4150513492968453,-0.014443139490687873,,0.0,0.0,0.0,0.0,0.0,0.0,0.0
2021-11-16,26.1,0.3956670467502851,-0.019384302546560206,,0.0,0.0,0.0,0.0,0.0,0.0,0.0
2021-11-17,26.120001,0.39642725199543893,0.0007602052451538555,,0.0,0.0,0.0,0.0,0.0,0.0,0.0
2021-11-18,25.629999,0.37780307867730906,-0.018624173318129877,,0.0,0.0,0.0,0.0,0.0,0.0,0.0
2021-11-19,25.030001,0.35499813759026977,-0.022804941087039288,,0.0,0.0,0.0,0.0,0.0,0.0,0.0
2021-11-22,24.469999,0.3337133789433676,-0.021284758646902158,,0.0,0.0,0.0,0.0,0.0,0.0,0.0
2021-11-23,24.52,0.33561383504370956,0.0019004561003419518,,0.0,0.0,0.0,0.0,0.0,0.0,0.0
2021-11-24,24.530001,0.33599395667046744,0.00038012162675787886,,0.0,0.0,0.0,0.0,0.0,0.0,0.0
2021-11-26,24.34,0.32877232991258076,-0.007221626757886679,,0.0,0.0,0.0,0.0,0.0,0.0,0.0
2021-11-29,24.950001,0.35195746864310146,0.023185138730520694,,0.0,0.0,0.0,0.0,0.0,0.0,0.0
2021-11-30,24.610001,0.33903462561763587,-0.012922843025465591,,0.0,0.0,0.0,0.0,0.0,0.0,0.0
